"donor_id","infection","hpi","condition","cell_type","n_cells","EA_release_score","EA_recycle_score","EA_proxy","FLT1_expr","PGF_expr","FLT1_minus_PGF","Angio_stress_score"
"Hrv124","Pf","24h","Pf_24h","EVT_1",13,0.108921902493024,0.183149923728063,0.170639915402011,1.53932151427636,2.49339524599222,-2.60991953806639,0.882558114581056
"Hrv124","Pf","24h","Pf_24h","EVT_2",264,0.0344740322631116,0.146486596243851,-0.239628663546885,2.8221347865959,0.77798584114873,0.571290851044889,1.00695407789733
"Hrv124","Pf","24h","Pf_24h","Endo_f",837,0.151785235900962,0.193626579361007,0.480098356242433,2.24327622854297,1.07082731628361,-0.244790845277504,1.21130171351556
"Hrv124","Pf","24h","Pf_24h","F",2313,0.0874307000981935,0.140165419753527,0.275417396038876,1.51569208421596,0.212422104384082,0.308141795132071,1.24066645774783
"Hrv124","Pf","24h","Pf_24h","F_p",44,0.114877147769386,0.145569528707049,0.482557048995108,1.34258452735164,0.121594095094637,0.29372567904904,1.13800762869514
"Hrv124","Pf","24h","Pf_24h","F_sm",23,0.0561929584845253,0.126815336942673,0.0892625364520867,1.65152737887009,0.240789329228194,0.374678902298143,1.04865382991222
"Hrv124","Pf","24h","Pf_24h","HBC",2611,0.129154669980535,0.207204104675182,0.185070662906387,0.300018216968039,0.078485963240477,-0.441721900245886,1.37320959607566
"Hrv124","Pf","24h","Pf_24h","PAMM1",149,0.116855507128991,0.222210089152291,-0.0278123183177279,0.525921863797527,0.0623434910038174,-0.2495638358291,1.22560155324545
"Hrv124","Pf","24h","Pf_24h","PV",1341,0.0547831016332244,0.164554633687984,-0.183279486532576,2.13627871433183,0.279967125719115,0.692003470528666,1.00906447827486
"Hrv124","Pf","24h","Pf_24h","VCT",93,0.0999327844749856,0.312884742758607,-0.803149310680175,2.05531146321245,1.07070529204543,-0.387231789637344,0.726879468505284
"Hrv124","Pf","24h","Pf_24h","VCT_CCC",94,0.10198458566839,0.269805756369804,-0.488106147225031,2.15637928564498,0.502200572097555,0.421201613535285,0.908639951249568
"Hrv124","Pf","24h","Pf_24h","VCT_fusing",324,0.126896655127605,0.275630426227495,-0.306428574882136,2.53462328283507,1.10328885692137,-0.0655460071249518,0.91748150351344
"Hrv124","Pf","24h","Pf_24h","VCT_p",63,0.0900763788078197,0.225590602722433,-0.289528551835611,1.69889862811755,0.978700089549261,-0.539195790352999,0.678342602445898
"Hrv124","Pf","24h","Pf_24h","iEVT",43,0.087251155095738,0.202897374124028,-0.158347212398942,3.25547703147628,1.68214654229408,-0.263760962224296,1.00009862831067
"Hrv124","UI","24h","UI_24h","EVT_1",6,0.121114195221,0.200897925471266,0.156926245863898,1.83299211661021,2.55588436126709,-2.46756238584829,0.759705935383127
"Hrv124","UI","24h","UI_24h","EVT_2",26,0.0457666815282443,0.153903994422693,-0.190183845473442,3.84444843805753,1.41413764311717,0.528029158286138,0.921572170107738
"Hrv124","UI","24h","UI_24h","Endo_f",323,0.166544177860667,0.224644430849021,0.397819631107311,2.23643580203639,0.835429454481823,0.0530154855905995,0.970904256683873
"Hrv124","UI","24h","UI_24h","F",525,0.124684477166997,0.144999261884462,0.573805080598523,1.57343238362244,0.170069177292642,0.406461208454538,1.01423474022827
"Hrv124","UI","24h","UI_24h","F_p",16,0.10804229346104,0.133824527170509,0.502615388284934,1.46461455151439,0.145170990377665,0.3559554670358,0.996440725401044
"Hrv124","UI","24h","UI_24h","F_sm",4,0.125556269971033,0.18956390991807,0.27455723749882,1.41636304557323,0,0.506208779658913,0.820665470058365
"Hrv124","UI","24h","UI_24h","HBC",684,0.143735272049192,0.263345337018632,-0.0718731216607391,0.218759736144229,0.0694423644580165,-0.491727416570516,1.17780324142137
"Hrv124","UI","24h","UI_24h","HBC_p",1,0.0754687301814556,0.206983095407486,-0.29139875730635,0.275252759456635,0.100407309830189,-0.488726401048683,0.751271163778646
"Hrv124","UI","24h","UI_24h","PAMM1",67,0.149868356981384,0.293084697670011,-0.22214440008023,0.381910006056971,0.0719598037983055,-0.371195089712574,1.15445793223089
"Hrv124","UI","24h","UI_24h","PV",285,0.0656224229792405,0.183543052526942,-0.217584660878181,1.90388892481202,0.280927945908747,0.514466027649667,0.719666353827879
"Hrv124","UI","24h","UI_24h","VCT",188,0.0828894602683049,0.307253132617854,-0.916097631402217,1.95934600747646,0.929805281472967,-0.278673748032663,0.553225964620585
"Hrv124","UI","24h","UI_24h","VCT_CCC",31,0.0782129042731818,0.334063139750111,-1.1424318104823,2.42788728975481,0.542972812008473,0.574698473380579,0.739192172799105
"Hrv124","UI","24h","UI_24h","VCT_fusing",285,0.118632064101815,0.292798441873308,-0.498284231063215,2.49564831855527,1.15028430782912,-0.155604936443453,0.77560915205637
"Hrv124","UI","24h","UI_24h","VCT_p",66,0.0811948629867549,0.28892800688292,-0.804942026682294,1.49877560454788,0.71129097134778,-0.346818048534207,0.477452104713655
"Hrv124","UI","24h","UI_24h","iEVT",12,0.0882578152749273,0.214986440166831,-0.232667083203286,3.04865935444832,2.08938499291738,-0.944844457071116,0.859374777768694
"Hrv135","Lm","24h","Lm_24h","EVT_2",4,0.0947981861730417,0.117675286531448,0.495950234481519,3.49337422847748,0.760688610374928,1.10278582241269,0.952035282871553
"Hrv135","Lm","24h","Lm_24h","Endo_f",246,0.162528296715522,0.204833082794174,0.498546437401321,3.03410105734337,0.250793056214243,1.41068124536359,0.985122562008591
"Hrv135","Lm","24h","Lm_24h","F",1615,0.132984346512732,0.147025218118824,0.633745851536293,2.2542132029777,0.147396128982213,0.95211423315719,1.09597500558911
"Hrv135","Lm","24h","Lm_24h","F_p",104,0.144244203773829,0.162541197928099,0.6271068548775,1.87920541602832,0.183517146998873,0.621123796098832,0.941193858427661
"Hrv135","Lm","24h","Lm_24h","F_sm",37,0.115575032056989,0.153890998782338,0.431443301454972,1.79108189569937,0.127600437886006,0.626243573734049,1.06433783569391
"Hrv135","Lm","24h","Lm_24h","HBC",958,0.131836912530574,0.194432574942988,0.296936177987464,0.355704240423155,0.0726419792730276,-0.391953962359375,1.11833204756872
"Hrv135","Lm","24h","Lm_24h","HBC_p",4,0.213462048520645,0.209587797522545,0.919278690894521,0.0581431016325951,0.209163889288902,-0.793422563527142,0.921588059514761
"Hrv135","Lm","24h","Lm_24h","PAMM1",62,0.130936711626027,0.180430175315949,0.385385033189456,0.718193123898199,0.0521370355160006,-0.0905613503758969,1.29634700437433
"Hrv135","Lm","24h","Lm_24h","PV",320,0.0689801719039679,0.173494641985744,-0.118464595889149,3.00714350957423,0.294670853950083,1.33375216819902,0.944131659170879
"Hrv135","Lm","24h","Lm_24h","VCT",202,0.120747060776249,0.233118256970797,-0.0683112694440138,2.45734096547165,0.667941176876573,0.436188434866932,0.610371612075616
"Hrv135","Lm","24h","Lm_24h","VCT_CCC",111,0.0993997068913491,0.28445509771506,-0.612041197177249,2.28352445095509,0.483306438267768,0.541979163905916,0.720126015741853
"Hrv135","Lm","24h","Lm_24h","VCT_fusing",244,0.15824551928707,0.249591471297575,0.152070258913607,2.19770035807227,1.13145085644038,-0.357399093286135,0.833349942755329
"Hrv135","Lm","24h","Lm_24h","VCT_p",52,0.1378977020295,0.264550559566571,-0.132150725881244,1.66309991306984,0.333028880162881,0.264730841522391,0.488725270277687
"Hrv135","Lm","24h","Lm_24h","iEVT",5,0.123074152072271,0.108353567123413,0.811923036526347,3.99959359169006,1.1920727789402,0.931562830661088,0.861944239054407
"Hrv135","UI","24h","UI_24h","EVT_1",2,0.113697566092014,0.0845497637987137,0.892425267086271,1.97909343242645,1.40848100185394,-0.879826904063273,0.703478245330708
"Hrv135","UI","24h","UI_24h","EVT_2",47,0.0440732013460592,0.141865926600517,-0.122330397723906,3.21629234197292,0.749491879914669,0.90699183461024,0.784227209680892
"Hrv135","UI","24h","UI_24h","Endo_f",382,0.139600727265054,0.21018566165451,0.257536767672335,2.82962877603726,0.329737546673308,1.15394539260219,0.916973231016208
"Hrv135","UI","24h","UI_24h","F",1232,0.164728152912384,0.154340614954179,0.865979941726762,1.63190056814195,0.24498735639182,0.354385623278379,0.781441230131641
"Hrv135","UI","24h","UI_24h","F_p",69,0.16866328086758,0.18595283333806,0.683236901734864,1.4678228493186,0.169890744746595,0.326571027374969,0.705638769798089
"Hrv135","UI","24h","UI_24h","F_sm",4,0.166091926395893,0.119655765593052,1.11706930150318,1.33790183067322,0,0.446684788245624,0.6325917499406
"Hrv135","UI","24h","UI_24h","HBC",643,0.131445798549768,0.232101986252501,0.033945964121252,0.287788222171656,0.0984498746287582,-0.476696928529875,0.963917140062452
"Hrv135","UI","24h","UI_24h","HBC_p",8,0.115327659994364,0.187541747838259,0.197417814545778,0.4035982824862,0.0793506316840649,-0.364254658376206,0.713965397062046
"Hrv135","UI","24h","UI_24h","PAMM1",344,0.136840539125278,0.21342927988532,0.210615897832648,0.482512173177891,0.126577402963195,-0.365175870672974,1.12653535373348
"Hrv135","UI","24h","UI_24h","PV",259,0.0822859915354537,0.17452506126124,-0.00709507749664644,2.94894034671507,0.38607734706411,1.17194159911482,0.738728650867676
"Hrv135","UI","24h","UI_24h","VCT",135,0.120405545941106,0.247003439245401,-0.167008201608923,1.88388299544652,0.570964125792185,0.125964414867824,0.494254811305218
"Hrv135","UI","24h","UI_24h","VCT_CCC",37,0.0847097604392885,0.223991719532657,-0.326295310300709,2.28922207129968,0.555287361950488,0.453650330847337,0.660029271279523
"Hrv135","UI","24h","UI_24h","VCT_fusing",150,0.121458607605762,0.218043892373641,0.0418726202707588,2.17131614844004,1.16693587263425,-0.423090321602505,0.820251832583121
"Hrv135","UI","24h","UI_24h","VCT_p",32,0.120060330955312,0.276981522142887,-0.376603506608988,1.3136684326455,0.364714377559721,-0.0411470845871842,0.402190840902871
"Hrv135","UI","24h","UI_24h","iEVT",17,0.0660569109753066,0.170659595903228,-0.124960920954717,3.05519245301976,1.78304218018756,-0.545574584097928,0.785610479154006
"Hrv136","Lm","24h","Lm_24h","EVT_1",6,0.10663818485207,0.194506429632505,0.0720708864009836,1.64618546764056,2.00675811370214,-1.90246599639431,0.667047951015688
"Hrv136","Lm","24h","Lm_24h","EVT_2",119,0.0464040116519153,0.128413916761134,-0.00890596625525119,2.5488717841501,0.698999076455581,0.465650954412453,0.754795025179939
"Hrv136","Lm","24h","Lm_24h","Endo_f",182,0.182136666316252,0.237713181186508,0.446615334587551,3.32236641547182,0.238858256939348,1.64473357060668,1.01633013077841
"Hrv136","Lm","24h","Lm_24h","F",402,0.131045964430665,0.168923067764856,0.465631254792132,1.64495405221163,0.154424080949518,0.480858379307957,1.01110937814913
"Hrv136","Lm","24h","Lm_24h","F_p",36,0.186139461687869,0.171143001152409,0.940862075407345,1.69483837650882,0.18577569267816,0.478348053438861,0.953428625912657
"Hrv136","Lm","24h","Lm_24h","F_sm",2,0.0496086080869039,0.168473988771439,-0.256351300416468,1.51542234420776,0,0.581359347348209,0.690659559198788
"Hrv136","Lm","24h","Lm_24h","HBC",731,0.123493182875906,0.218858760236552,0.0543737337348732,0.335070239535435,0.0679358695461714,-0.401550249606563,1.02232164267261
"Hrv136","Lm","24h","Lm_24h","HBC_p",2,0.061042308807373,0.381188237667084,-1.61995895905244,0.476789355278015,0,-0.206591504463027,0.76880330485957
"Hrv136","Lm","24h","Lm_24h","PAMM1",168,0.11550058685391,0.181338034330734,0.24169540229033,0.451430699654988,0.103497142504369,-0.359047497661881,1.14895629595813
"Hrv136","Lm","24h","Lm_24h","PV",54,0.0961956543686949,0.169795593619347,0.149331124945779,3.08186883175815,0.449153671662013,1.19159715726702,0.820388387277644
"Hrv136","Lm","24h","Lm_24h","VCT",352,0.094688128408355,0.222103836417029,-0.224447263067137,2.18331648807295,0.800044693391431,0.0582629382869726,0.600843687411761
"Hrv136","Lm","24h","Lm_24h","VCT_CCC",172,0.0951792753568684,0.268314434726571,-0.538423279267849,2.45922594196921,0.53818993694907,0.604629645438555,0.745475659054082
"Hrv136","Lm","24h","Lm_24h","VCT_fusing",590,0.123417194692765,0.251298319285704,-0.169781843283347,2.16507605619855,1.35512433360189,-0.670053822380964,0.820373921663687
"Hrv136","Lm","24h","Lm_24h","VCT_p",103,0.0967449505955077,0.251801907191577,-0.410727037039115,1.52289801184992,0.612022804910118,-0.200743313321025,0.50877172274621
"Hrv136","Lm","24h","Lm_24h","iEVT",37,0.0981044761232428,0.161168653658918,0.225758050566529,2.79853679199476,1.73077406029443,-0.673006740768632,0.803154262969393
"Hrv136","Lm","48h","Lm_48h","EVT_1",17,0.0836202201305651,0.19361877458937,-0.126754088020443,1.87053614854813,1.86789147292866,-1.55351988644657,0.68835039555776
"Hrv136","Lm","48h","Lm_48h","EVT_2",162,0.06050300485466,0.142916899827527,0.0167118670129444,2.67835809189228,1.26107152781369,-0.159594960532327,0.765319884667663
"Hrv136","Lm","48h","Lm_48h","Endo_f",321,0.181230154163122,0.217190636392694,0.579925859623748,3.35248018833707,0.329375649259841,1.55106837797124,0.980198194967889
"Hrv136","Lm","48h","Lm_48h","F",537,0.13361841061197,0.149159176872429,0.624690199588994,1.54580003106394,0.235568831808296,0.301189309751519,0.867941325092869
"Hrv136","Lm","48h","Lm_48h","F_p",49,0.150677252839617,0.197576480313223,0.443022225237901,0.896228698139288,0.151555921046101,-0.0834645029606178,0.618792673176475
"Hrv136","Lm","48h","Lm_48h","HBC",1101,0.120471838348532,0.227079956865549,-0.0291633199560275,0.515491592894891,0.122715201462322,-0.33518500139601,1.0525614948784
"Hrv136","Lm","48h","Lm_48h","HBC_p",5,0.166756338874499,0.171524776220322,0.765654644952254,0.249744951725006,0,-0.378836978162946,0.762539894240243
"Hrv136","Lm","48h","Lm_48h","PAMM1",141,0.118806458040896,0.216437325114054,0.0293270309855922,0.554626465266478,0.107267154869458,-0.285611457441764,0.962702905772426
"Hrv136","Lm","48h","Lm_48h","PV",406,0.0808400989973486,0.147302498686783,0.167570102673789,2.63134948314704,0.449914318917714,0.848835073704242,0.841919555843275
"Hrv136","Lm","48h","Lm_48h","VCT",130,0.10738861737534,0.206359267372351,-0.00290290569559128,2.40505953476979,0.774326022198567,0.259590738909307,0.595339136275944
"Hrv136","Lm","48h","Lm_48h","VCT_CCC",153,0.0797550302071899,0.201701522993496,-0.216850524565478,2.16282559609881,0.721609995450849,0.143676039709623,0.69701673822994
"Hrv136","Lm","48h","Lm_48h","VCT_fusing",469,0.129631356553948,0.226725555168413,0.0548298201430739,2.45366882814019,1.2350833085872,-0.296602612919894,0.789421474986048
"Hrv136","Lm","48h","Lm_48h","VCT_p",11,0.1118398190222,0.256050853702155,-0.305601470457917,1.73873968016018,0.667581861669367,-0.108510352345821,0.490625561106128
"Hrv136","Lm","48h","Lm_48h","iEVT",12,0.0938140588502089,0.14917416870594,0.270189460974083,2.89805671572685,1.63673273722331,-0.476460072340846,0.80237945049469
"Hrv136","UI","24h","UI_24h","EVT_1",25,0.112809530446927,0.20553098076582,0.0510682541959563,1.52641135275364,2.10394608974457,-2.11842860961106,0.659529476144484
"Hrv136","UI","24h","UI_24h","EVT_2",276,0.0625236954962934,0.130209802641817,0.122243382876771,2.75010791388543,0.694352656386901,0.624297888478304,0.715593913816857
"Hrv136","UI","24h","UI_24h","Endo_f",206,0.203284295643514,0.233453724800962,0.664246715411046,3.41246626041468,0.309964978289836,1.62156107202944,0.915146547613792
"Hrv136","UI","24h","UI_24h","F",432,0.13929481126575,0.151646876997418,0.658091960870529,1.59205668957697,0.206916762308942,0.373161490790647,0.827939590399779
"Hrv136","UI","24h","UI_24h","F_p",37,0.152617797322638,0.144486263958184,0.826043072901345,1.4989029362395,0.096978154134106,0.444000191045492,0.80593320914332
"Hrv136","UI","24h","UI_24h","F_sm",6,0.0278461707962884,0.125365442037582,-0.153134214032602,1.24283781647682,0.068095400929451,0.286915230471135,0.598159472857203
"Hrv136","UI","24h","UI_24h","HBC",641,0.152375198927821,0.270046253751109,-0.0411108735842689,0.305248447587821,0.0933382010404108,-0.456871299404143,0.868324545595039
"Hrv136","UI","24h","UI_24h","PAMM1",121,0.149522719427574,0.235003751343932,0.17490304372154,0.299285120954198,0.122951908545061,-0.499513043387459,0.894861368574598
"Hrv136","UI","24h","UI_24h","PV",125,0.105596086045106,0.165527147746086,0.26243343421617,2.76933325767517,0.413986889004707,0.999759904557355,0.714068376072815
"Hrv136","UI","24h","UI_24h","VCT",361,0.090363986274212,0.258245333467824,-0.511929197371981,1.84757939897416,0.680723031926023,-0.0428547924672539,0.518190664734926
"Hrv136","UI","24h","UI_24h","VCT_CCC",91,0.0796422402991917,0.219480771710584,-0.340337578964132,2.46805805655626,0.441110189799424,0.736287663232761,0.681100779346057
"Hrv136","UI","24h","UI_24h","VCT_fusing",570,0.123791519515434,0.258391227910393,-0.215312728269019,2.0779510593728,1.24808171028108,-0.598369061663569,0.772179953661516
"Hrv136","UI","24h","UI_24h","VCT_p",132,0.0885526485778768,0.230541757426479,-0.337204008073795,1.56041305816986,0.709762966542533,-0.298090479457168,0.504463788900057
"Hrv136","UI","24h","UI_24h","iEVT",68,0.0989795792117423,0.174560223147273,0.141293800668518,2.58832117476884,1.83073033480083,-0.9611453528983,0.733245393480448
"Hrv136","UI","48h","UI_48h","EVT_1",11,0.0987532355568626,0.205154619975524,-0.0714889768627174,2.2432894544168,2.08118630539287,-1.54527901843798,0.738203944130377
"Hrv136","UI","48h","UI_48h","EVT_2",125,0.0477939877361059,0.135542573058605,-0.0456402841295638,2.62033595228195,0.914781747937202,0.242118899636066,0.729423630239708
"Hrv136","UI","48h","UI_48h","Endo_f",200,0.194210757911205,0.205893275842071,0.77332699860959,3.32960989505053,0.241498993709683,1.64682971755931,0.911214472832424
"Hrv136","UI","48h","UI_48h","F",409,0.141206917250506,0.137825076161795,0.770335987769913,1.49033928194372,0.237741419804125,0.256317964991221,0.771113165318862
"Hrv136","UI","48h","UI_48h","F_p",21,0.177677916037658,0.178820534405254,0.81263361681529,1.07768032380513,0.28051554943834,-0.111799889701416,0.580441299648512
"Hrv136","UI","48h","UI_48h","HBC",430,0.138444347748923,0.242557999013468,0.0242250385866075,0.415472576680572,0.0906539876100629,-0.369795595590362,0.930904046993121
"Hrv136","UI","48h","UI_48h","HBC_p",4,0.143468419710795,0.141324062645435,0.766366411401038,0.122883155941963,0.0716755241155624,-0.56733788343405,0.74546854197979
"Hrv136","UI","48h","UI_48h","PAMM1",98,0.10592560840099,0.22218855643759,-0.124978169561614,0.490711514134796,0.07072058350456,-0.287058590129815,0.868598646818288
"Hrv136","UI","48h","UI_48h","PV",281,0.0983325957916103,0.167975457633093,0.180896430617759,2.40463607294279,0.481950244233277,0.635605200259993,0.697646800839604
"Hrv136","UI","48h","UI_48h","VCT",107,0.0839029529894995,0.220200884801762,-0.307363309750857,2.02705216936976,0.679316340205825,0.0951114747653861,0.533837804538465
"Hrv136","UI","48h","UI_48h","VCT_CCC",119,0.0655774782289143,0.168079491648353,-0.111454974864775,2.74441776405863,0.714261973605436,0.59435453447332,0.754131688867189
"Hrv136","UI","48h","UI_48h","VCT_fusing",254,0.110177712923214,0.183584027570181,0.178830424925917,2.83078521308232,0.984487537499957,0.312051780498022,0.840279079677225
"Hrv136","UI","48h","UI_48h","VCT_p",13,0.112202950395071,0.269517035667713,-0.395138064985324,1.56882053613663,0.503182134949244,-0.0258087020826943,0.427312521489112
"Hrv136","UI","48h","UI_48h","iEVT",4,0.0969217562427123,0.184425284713507,0.0550107146950853,4.1168771982193,1.74187713861465,0.312850483099676,0.880105711519718
"Hrv168","Pf","24h","Pf_24h","EVT_1",30,0.0972002582417594,0.211256480465333,-0.127352148944649,1.17635988170902,2.18613207737605,-2.48977932424472,0.660829149461573
"Hrv168","Pf","24h","Pf_24h","EVT_2",79,0.035086818510973,0.119428252607961,-0.0477653861080612,2.66649443741086,0.875665235368511,0.327486061663317,0.681575375725305
"Hrv168","Pf","24h","Pf_24h","Endo_f",130,0.171255288091608,0.218129069793683,0.484649835300944,2.91849863941853,0.326139285358099,1.22599737852914,1.00368429981991
"Hrv168","Pf","24h","Pf_24h","F",1174,0.0941610892315452,0.122643105516899,0.456054102921573,1.56140392019812,0.130958749549352,0.447677461626679,1.14130603869025
"Hrv168","Pf","24h","Pf_24h","F_p",179,0.101957955180877,0.151720517107894,0.325156500389002,1.11222638822468,0.0840858346340377,0.167245566309245,1.02472499949175
"Hrv168","Pf","24h","Pf_24h","F_sm",286,0.0585573992772258,0.112523968392736,0.208768813529481,1.04954427970456,0.23779869110851,-0.0781614581649953,0.838232694318393
"Hrv168","Pf","24h","Pf_24h","HBC",289,0.0871483924892122,0.147457330026841,0.222669253770398,0.567055923716007,0.0790659504778245,-0.23988235660802,1.29284994119297
"Hrv168","Pf","24h","Pf_24h","HBC_p",3,0.126278187665674,0.144723981618881,0.589891088822742,0,0,-0.568304046458217,0.957369598249594
"Hrv168","Pf","24h","Pf_24h","PAMM1",1004,0.0703725224437506,0.124660094592913,0.230357731813222,0.43460817830971,0.0405689698024337,-0.290810863904805,1.47230153871243
"Hrv168","Pf","24h","Pf_24h","PV",171,0.0648456876098994,0.160153044158952,-0.0633644576939139,2.86267185002043,0.236740132260044,1.29871623302809,1.05227366565363
"Hrv168","Pf","24h","Pf_24h","VCT",245,0.0729733761881484,0.231269449165889,-0.480926963234909,1.49490883672724,1.09693331323108,-0.846136667911932,0.571759265726405
"Hrv168","Pf","24h","Pf_24h","VCT_CCC",518,0.0546800619449126,0.192210824172009,-0.374722863292062,2.18932913721298,0.553517198211668,0.380145823991101,0.621114145640759
"Hrv168","Pf","24h","Pf_24h","VCT_fusing",2230,0.0813745270453961,0.239877976239596,-0.465432351826294,2.25847072829179,1.42787153654703,-0.692838295570987,0.764874929660295
"Hrv168","Pf","24h","Pf_24h","VCT_p",559,0.0648001638520453,0.22332534936385,-0.498969426155284,1.23061595739853,0.832151674520564,-0.705822887153237,0.52238658460325
"Hrv168","Pf","24h","Pf_24h","iEVT",215,0.0720985812214456,0.163530005739872,-0.0220526161583557,3.09049270776815,1.26850253496059,0.143502836995549,0.789432834008356
"Hrv168","UI","24h","UI_24h","EVT_1",236,0.0889022047552517,0.226353021035508,-0.305235160986518,1.13938952196326,2.08249449540498,-2.38442798586159,0.597110169351137
"Hrv168","UI","24h","UI_24h","EVT_2",318,0.0297200473638513,0.117898956419162,-0.0850128958950877,2.97960986168879,0.778073338311423,0.690645470691199,0.686651185775797
"Hrv168","UI","24h","UI_24h","Endo_f",59,0.165639749649218,0.184565940600331,0.665871363992224,2.86978211847402,0.238702229524063,1.30158484106504,0.844454033070269
"Hrv168","UI","24h","UI_24h","F",413,0.141456196434898,0.13003428232006,0.826226915373052,1.52777810001489,0.214614321078573,0.314489013696676,0.972397413296771
"Hrv168","UI","24h","UI_24h","F_p",61,0.142888071066369,0.16391415835404,0.605574100424611,1.28990460126126,0.174012517098521,0.186289331082662,0.841841899129002
"Hrv168","UI","24h","UI_24h","F_sm",1,0.0646253327528636,0,1.03798223012254,2.62386655807495,0.387751996517181,0.923171344341689,1.09697679536683
"Hrv168","UI","24h","UI_24h","HBC",386,0.112007208927719,0.137372713261935,0.513473183993116,0.468613736910524,0.15019373943151,-0.406117920966541,1.24317237104446
"Hrv168","UI","24h","UI_24h","HBC_p",2,0.173796872297923,0.172370386123657,0.82251444830337,0,0.574099361896515,-1.30726435537584,0.827060388667243
"Hrv168","UI","24h","UI_24h","PAMM1",346,0.0871963335455957,0.138236467531651,0.286619440901685,0.301701230120797,0.17430706197299,-0.563782610492466,1.32691011687665
"Hrv168","UI","24h","UI_24h","PV",81,0.0818517802306163,0.181253026223477,-0.0573106225024186,2.48692159189118,0.449808231474441,0.73940252751022,0.812154057795409
"Hrv168","UI","24h","UI_24h","VCT",413,0.0465606102528978,0.230288076909489,-0.709331873921402,1.26187134586437,1.11050180333146,-1.04039362932033,0.506207943527045
"Hrv168","UI","24h","UI_24h","VCT_CCC",420,0.039540537026903,0.176065753776403,-0.39829256917379,1.97189797418458,0.707268812436433,0.0172897433789191,0.597131641639941
"Hrv168","UI","24h","UI_24h","VCT_fusing",4564,0.0691648717103632,0.240934684543032,-0.581420595737434,1.76125884751849,1.70768727439861,-1.43021310777279,0.718382836385446
"Hrv168","UI","24h","UI_24h","VCT_p",1012,0.0541048717067843,0.246481838040496,-0.753721919034172,0.912630267610604,0.906859245254353,-1.04322119320796,0.447539671493525
"Hrv168","UI","24h","UI_24h","iEVT",345,0.084217864782482,0.18188155354797,-0.0405742044413436,2.40847902267739,1.89743574680626,-1.18344204228765,0.728697854434728
"Hrv232","Pf","24h","Pf_24h","EVT_1",14,0.0741333925120887,0.217991017124483,-0.379122471648534,1.17315029406122,2.25409848349435,-2.57969819705077,0.675495382094262
"Hrv232","Pf","24h","Pf_24h","Endo_f",793,0.148899145299094,0.197982658627167,0.42439267233553,1.26704349249489,1.85831833101837,-1.99903269542545,1.02907245056517
"Hrv232","Pf","24h","Pf_24h","F",152,0.0907614749219073,0.196862335179589,-0.0855172097428894,0.704359823837876,0.106870493116347,-0.171506838757123,1.10163952389914
"Hrv232","Pf","24h","Pf_24h","F_p",6,0.0728347106940216,0.201490739484628,-0.277013380827006,0.555105457703272,0.105995984127124,-0.283611867716457,0.952844083841358
"Hrv232","Pf","24h","Pf_24h","F_sm",6,0.0470818384653992,0.229219183822473,-0.697327426353343,0.431497832139333,0.057218757768472,-0.314601519610298,1.00012067705393
"Hrv232","Pf","24h","Pf_24h","HBC",131,0.147120502263156,0.219369160480627,0.261223030409535,0.0340503968924056,0.135385597252664,-0.716735509693627,1.28075495962716
"Hrv232","Pf","24h","Pf_24h","PAMM1",1,0.247528870900472,0,2.66646118299445,0,0,-0.568304046458217,1.318283532347
"Hrv232","Pf","24h","Pf_24h","PV",321,0.051752061154674,0.205844217761655,-0.494713940269056,1.13027929363778,0.0992826268401844,0.161380491617241,0.951933921849033
"Hrv232","Pf","24h","Pf_24h","VCT",230,0.0749404620433199,0.285859429360084,-0.839488288779433,1.13602786669913,1.03933375759617,-1.04425882671769,0.509653911030394
"Hrv232","Pf","24h","Pf_24h","VCT_CCC",45,0.0616819394683396,0.275738175113996,-0.88780912510529,0.487711139851146,0.275800949831804,-0.553306964682661,0.539370314493066
"Hrv232","Pf","24h","Pf_24h","VCT_fusing",403,0.0988094157133347,0.279710995844073,-0.584614304794477,1.41341688282437,2.17926442989197,-2.3010980792243,0.745472383764313
"Hrv232","Pf","24h","Pf_24h","VCT_p",259,0.069788969932136,0.249105457124448,-0.632153127941599,0.510786105882247,0.428410585063535,-0.732235023271727,0.397254707894282
"Hrv232","Pf","24h","Pf_24h","iEVT",15,0.0981079786188073,0.189705540935198,0.0291960717695506,1.66273061037064,2.30605940818787,-2.27516414861512,0.778087781156812
"Hrv232","Pf","48h","Pf_48h","EVT_2",23,0.113077325989371,0.250858035618844,-0.258809558229208,0.559162985209538,1.79376895013063,-2.45297507486884,0.724868184429888
"Hrv232","Pf","48h","Pf_48h","Endo_f",297,0.13054207492072,0.228438524555678,0.0511375887001194,1.15582495185261,1.5856846430988,-1.73248337741366,1.09803778527124
"Hrv232","Pf","48h","Pf_48h","F",15,0.122585834562778,0.207902100384235,0.121776578965598,0.899382102489471,0.0365181222558022,0.0670003716825737,1.06946230803927
"Hrv232","Pf","48h","Pf_48h","F_p",32,0.0625497012127501,0.235899435030296,-0.605630385382857,0.573624707292765,0.0293309771222994,-0.17088190864004,0.917897702103281
"Hrv232","Pf","48h","Pf_48h","HBC",2,0.0745922277371089,0.153678891062737,0.0680147369675899,0,0,-0.568304046458217,1.2366452727999
"Hrv232","Pf","48h","Pf_48h","PAMM1",29,0.141457119121634,0.191584823665948,0.402207958104373,0.145905146824902,0.145371957585729,-0.644731860582054,1.4077556237138
"Hrv232","Pf","48h","Pf_48h","PV",5,0.0469327787558238,0.181392323970795,-0.36917107146209,1.22630221843719,0,0.362020609021171,1.01788177745683
"Hrv232","Pf","48h","Pf_48h","VCT",15,0.110138994041416,0.322660394708316,-0.779623813121365,0.93777707417806,1.62036258180936,-1.94253991770253,0.632594329526737
"Hrv232","Pf","48h","Pf_48h","VCT_CCC",158,0.0699646024559998,0.269821931692901,-0.773307028496424,0.22629672498737,0.257077591705926,-0.727526938971156,0.443758560560987
"Hrv232","Pf","48h","Pf_48h","VCT_fusing",154,0.136732734130994,0.313551564180812,-0.480095294246127,1.13456737104948,2.05280418432765,-2.34986995926963,0.778779733685884
"Hrv232","Pf","48h","Pf_48h","VCT_p",7,0.117528956560862,0.325425594193595,-0.732877096913553,0.607915848493576,0.74092184645789,-1.06080169479138,0.478223190205742
"Hrv232","Pf","48h","Pf_48h","iEVT",3,0.158258263228668,0.218158525973558,0.368728089973044,1.32818993926048,0.657438293099403,-0.406914284055547,0.657505777620134
"Hrv232","UI","24h","UI_24h","EVT_1",2,0.148604832589626,0.231039763987064,0.194038914471363,0.084702841937542,1.6703514456749,-2.65406194982381,0.536601060735328
"Hrv232","UI","24h","UI_24h","Endo_f",907,0.154142250002624,0.208213919231949,0.400590510300317,1.28236158548668,1.87750491225535,-2.01210802906352,0.932753352001532
"Hrv232","UI","24h","UI_24h","F",181,0.0826675252539567,0.222317140215998,-0.33294199477703,0.857315001566766,0.0496699905527231,0.0181578744589543,1.04604426724358
"Hrv232","UI","24h","UI_24h","F_p",23,0.0520673820182033,0.201061860633933,-0.458960400560381,0.558662534407947,0.0191316060397936,-0.169104576697668,0.992118318999036
"Hrv232","UI","24h","UI_24h","F_sm",34,0.0228541595313479,0.249267906344989,-1.05115564692716,0.572931499603917,0.0450323537430342,-0.191618059606303,0.87595797178312
"Hrv232","UI","24h","UI_24h","HBC",211,0.169163303234943,0.223075744368454,0.43194579638962,0.0419748959383128,0.0494729338381528,-0.60013992095552,1.05984587876597
"Hrv232","UI","24h","UI_24h","PAMM1",1,0.0951159000396729,0.381766283512116,-1.32056745173833,0,0,-0.568304046458217,0.507517112152917
"Hrv232","UI","24h","UI_24h","PV",512,0.0461639521236066,0.214885954395868,-0.606756917166852,1.19352334196446,0.0600348817824852,0.259878401289884,0.869057188672221
"Hrv232","UI","24h","UI_24h","VCT",126,0.0718734098805322,0.261591483120407,-0.699611695019021,1.1211342067709,1.11554711613627,-1.15365691448813,0.487121416821806
"Hrv232","UI","24h","UI_24h","VCT_CCC",35,0.0617570212909154,0.265465907837663,-0.816374069193036,0.898082650985037,0.12920958080462,-0.0532946005244781,0.533394880957749
"Hrv232","UI","24h","UI_24h","VCT_fusing",263,0.0906383198283433,0.273855054061222,-0.617023430875007,1.31711999794376,2.20135080089134,-2.40258175550074,0.715512941241879
"Hrv232","UI","24h","UI_24h","VCT_p",120,0.0698224278425591,0.253788470091919,-0.664116930197248,0.571052185197671,0.331420821323991,-0.561672850983344,0.360996654875843
"Hrv232","UI","24h","UI_24h","iEVT",18,0.0886288297673066,0.24165579047468,-0.413091295516381,1.16138741539584,1.80059932875964,-2.00489400811216,0.653129707489695
"Hrv232","UI","48h","UI_48h","EVT_1",2,0.150164101272821,0.274488811194897,-0.0914025236327014,0.143336579203606,2.22606641054153,-3.32487648635338,0.690381854240383
"Hrv232","UI","48h","UI_48h","EVT_2",13,0.122080150705117,0.233432042942597,-0.0586038224976289,0.976325593315638,1.68003952675141,-1.99010942704028,0.72194512839337
"Hrv232","UI","48h","UI_48h","Endo_f",1030,0.128772708313075,0.218998230533692,0.100419087233135,1.11616180436414,1.4706815987102,-1.61454568197335,1.03480383457148
"Hrv232","UI","48h","UI_48h","F",22,0.089520089892727,0.222526210885156,-0.273370593134256,1.01095174523917,0.0369747833094814,0.151054016899428,0.970132647977247
"Hrv232","UI","48h","UI_48h","F_p",12,0.0453335701798399,0.222198193147778,-0.664524875890665,0.748043843855461,0.0500204165776571,-0.0651908967549061,0.865553281092573
"Hrv232","UI","48h","UI_48h","HBC",34,0.132430342774765,0.247147691337501,-0.0609393659811861,0.0795610468177234,0.15225282749709,-0.70392010824316,1.11917828054739
"Hrv232","UI","48h","UI_48h","PAMM1",168,0.128207383566492,0.198122547628979,0.239200169270493,0.102047634931902,0.104182684306233,-0.624986651728374,1.37928569022262
"Hrv232","UI","48h","UI_48h","PV",18,0.062344871668352,0.2224630066918,-0.514889328253821,1.23598294125663,0.134830451673932,0.195815845459199,0.849624377394479
"Hrv232","UI","48h","UI_48h","VCT",32,0.079725828662049,0.279346402757801,-0.752013026188323,1.01414802484214,1.08629747648956,-1.1971720533115,0.557243344577728
"Hrv232","UI","48h","UI_48h","VCT_CCC",190,0.0648965980857611,0.263299872726202,-0.773498884339265,0.32283574707414,0.289515239784592,-0.696040948065452,0.416082467851614
"Hrv232","UI","48h","UI_48h","VCT_fusing",226,0.120205377975814,0.307895696707136,-0.588282590104192,1.28608186351778,1.97561803278802,-2.1355733931877,0.760617353368254
"Hrv232","UI","48h","UI_48h","VCT_p",21,0.127132999459429,0.270566102755921,-0.26943571025126,0.907269773029146,0.383487790822983,-0.373622742715538,0.444604268094816
"Hrv236","Lm","24h","Lm_24h","EVT_1",66,0.140753702984916,0.225588265016223,0.161692360819371,1.34627151240905,1.94493964856321,-2.05042285684322,0.670582097249501
"Hrv236","Lm","24h","Lm_24h","EVT_2",101,0.0529896185146307,0.17846253437571,-0.295060506058646,2.43638141438513,0.672306215409005,0.414669111620989,0.760327778767157
"Hrv236","Lm","24h","Lm_24h","Endo_f",2643,0.153359208469779,0.222870743671602,0.292646539957768,2.48279730889367,0.393762916777561,0.808413210812397,0.902352625398927
"Hrv236","Lm","24h","Lm_24h","F",895,0.11416095418637,0.188753259028802,0.178683857888154,1.93086228883466,0.0654907882213593,0.812232218718776,1.09587963607106
"Hrv236","Lm","24h","Lm_24h","F_p",55,0.116378397652597,0.20609510270032,0.0789573243457598,2.31125309467316,0.0985610777681524,1.05824584756002,1.05466864020019
"Hrv236","Lm","24h","Lm_24h","F_sm",15,0.111468431684706,0.246443645954132,-0.24272320056762,0.666724995772044,0.107959787050883,-0.201460309290747,0.797252193802879
"Hrv236","Lm","24h","Lm_24h","HBC",2917,0.116723479936565,0.275654662805835,-0.397172258025766,0.327329708925452,0.0463586966489577,-0.379649172428383,0.999848243473612
"Hrv236","Lm","24h","Lm_24h","HBC_p",1,0.172084709008535,0.252519750595093,0.255114102965719,0,0,-0.568304046458217,0.671468113149915
"Hrv236","Lm","24h","Lm_24h","PAMM1",914,0.145027652784997,0.202997122356093,0.355377807722856,0.557176041948717,0.0804346011425786,-0.249139330717734,1.32008130991643
"Hrv236","Lm","24h","Lm_24h","PV",1927,0.0738460336423749,0.202330026214582,-0.273791003064593,2.6183124212756,0.178038622950048,1.18889334786257,0.795931941566222
"Hrv236","Lm","24h","Lm_24h","VCT",306,0.115218912780869,0.26360510490299,-0.327557669741427,2.24411385725526,0.644557175780433,0.304524400684113,0.590654030184842
"Hrv236","Lm","24h","Lm_24h","VCT_CCC",89,0.09796937306722,0.29099747069766,-0.669847144623366,1.92479037903668,0.325204539834783,0.473331494418399,0.653827891662645
"Hrv236","Lm","24h","Lm_24h","VCT_fusing",727,0.148971344860581,0.266183159706353,-0.0448038384074911,1.77534746307946,1.03403282046646,-0.552420801392218,0.705685884745762
"Hrv236","Lm","24h","Lm_24h","VCT_p",50,0.102738122840722,0.249078376829624,-0.338604272668028,1.18569819271564,0.56707306265831,-0.398699625876533,0.486864834065948
"Hrv236","Lm","24h","Lm_24h","iEVT",152,0.115834327970158,0.213895382085129,0.0203763871405777,2.4275027989949,1.77565087534879,-1.01225264088067,0.75019190860282
"Hrv236","Lm","48h","Lm_48h","EVT_1",5,0.0943737049897512,0.165976061820984,0.159422520968242,1.9594170153141,2.43087563514709,-2.21074432571581,0.765261362280164
"Hrv236","Lm","48h","Lm_48h","EVT_2",60,0.100240524444315,0.194910626659791,0.0123248619744879,3.01474319001039,1.78686040739218,-0.581175789831137,0.836577860124054
"Hrv236","Lm","48h","Lm_48h","Endo_f",2439,0.200299666885699,0.225302330682809,0.693828798858004,2.83791384977633,0.592370820050359,0.8221785776523,0.920162561728853
"Hrv236","Lm","48h","Lm_48h","F",343,0.175511234486068,0.179023788100429,0.791942366748068,1.84427849500937,0.139901868195297,0.650766796519451,0.953828736214973
"Hrv236","Lm","48h","Lm_48h","F_p",13,0.198562311056333,0.242957802460744,0.556730156131712,1.59417207653706,0.151205413616621,0.44647598207366,0.835677984979126
"Hrv236","Lm","48h","Lm_48h","HBC",1710,0.152569741058594,0.281878780572735,-0.120894103859152,0.465419912983102,0.0803292892742575,-0.318613851751968,0.989693818378294
"Hrv236","Lm","48h","Lm_48h","HBC_p",5,0.186404103040695,0.249958451390266,0.400251635230832,0.53858482837677,0.122051072120667,-0.316810653920971,0.839539393569742
"Hrv236","Lm","48h","Lm_48h","PAMM1",594,0.170375074392684,0.255836748896223,0.217041299070529,0.656093303201977,0.105010389428749,-0.205729600432931,1.11809263204929
"Hrv236","Lm","48h","Lm_48h","PV",889,0.116323896258075,0.171800293807774,0.314732071077346,2.30104201609694,0.323474088371538,0.760999252852541,0.725169278004823
"Hrv236","Lm","48h","Lm_48h","VCT",189,0.124898920857349,0.223397388604898,0.0356226852303805,2.3183788991479,0.937463227639753,-0.0161532690709685,0.593415699831618
"Hrv236","Lm","48h","Lm_48h","VCT_CCC",67,0.11586660454374,0.208232849880831,0.05967345084404,1.37774931961921,0.61445384861818,-0.313988394686661,0.601486398578326
"Hrv236","Lm","48h","Lm_48h","VCT_fusing",548,0.167254054377313,0.226697101237348,0.389998976702635,2.74257722219629,1.36192226744372,-0.240687106240969,0.828030692479487
"Hrv236","Lm","48h","Lm_48h","VCT_p",7,0.128549648537522,0.302995416096279,-0.480231029838006,1.77109118870326,0.544995446290289,0.0738217484892409,0.488950815279873
"Hrv236","Lm","48h","Lm_48h","iEVT",76,0.112865262436109,0.157929347573142,0.379496362400914,3.50635010160898,1.41406227324746,0.271630494175539,0.774051009509292
"Hrv236","Pf","24h","Pf_24h","EVT_2",3,0.151811013619105,0.170677820841471,0.638423913273549,1.49274043242137,0,0.564151891102076,1.11493366247132
"Hrv236","Pf","24h","Pf_24h","Endo_f",1448,0.115462472525118,0.19870572650589,0.121708470555837,1.99315603073295,0.625027732254721,0.139274800440629,1.33221626295263
"Hrv236","Pf","24h","Pf_24h","F",1951,0.100717311735522,0.19251935401982,0.0330436212113754,1.79766062016612,0.0741542317526943,0.700028530304431,1.44666493912748
"Hrv236","Pf","24h","Pf_24h","F_p",88,0.130785066634417,0.213524255325848,0.156046793582285,1.92517201568593,0.0508808100765402,0.826720782160817,1.43828253698378
"Hrv236","Pf","24h","Pf_24h","F_sm",78,0.0587532596710401,0.174094629822633,-0.213653127795185,1.14375853423889,0.0477168422478896,0.237980059346217,1.18155098744692
"Hrv236","Pf","24h","Pf_24h","HBC",3208,0.206696403897209,0.24529207327921,0.613070931719394,0.25797020556159,0.0481136454747725,-0.434527128861612,1.5277979971906
"Hrv236","Pf","24h","Pf_24h","HBC_p",3,0.19784453842375,0.159373378753662,1.12616003248105,0.27598825097084,0.0630112985769908,-0.440033608594493,1.36911185014816
"Hrv236","Pf","24h","Pf_24h","PAMM1",305,0.196068072758737,0.200193806183143,0.829127729075305,0.620142064915329,0.0738995646844145,-0.192958979510187,1.66444493211823
"Hrv236","Pf","24h","Pf_24h","PV",1233,0.0615027642537691,0.180741875899679,-0.234966425772852,2.10450173789954,0.107573541206068,0.889795013368196,1.16558453784838
"Hrv236","Pf","24h","Pf_24h","VCT",197,0.107864498758024,0.30775255946641,-0.697173340885371,1.87993724394571,0.7308796054972,-0.0828665247859256,0.772903240401301
"Hrv236","Pf","24h","Pf_24h","VCT_CCC",197,0.122132919640509,0.306437577708118,-0.561075639422706,2.64420155432019,0.46305578167971,0.841669973565266,0.960062404352958
"Hrv236","Pf","24h","Pf_24h","VCT_fusing",612,0.166942090573183,0.3125404094705,-0.204160799909375,1.90982375634846,1.01068560411435,-0.420349698056556,0.882443363045235
"Hrv236","Pf","24h","Pf_24h","VCT_p",40,0.0929317178515097,0.302232851982117,-0.792101377865794,1.2152972124517,0.600994488596916,-0.419907014112093,0.671265727175134
"Hrv236","Pf","24h","Pf_24h","iEVT",37,0.0825724948768143,0.160714533361229,0.0905977599960714,3.44208817546432,0.807280612958444,1.00390648557933,1.0670797681026
"Hrv236","Pf","48h","Pf_48h","EVT_2",20,0.0561519577478369,0.227203681319952,-0.602686776552887,2.15636093616486,0.766427938267589,0.0810836114109587,0.665470726761435
"Hrv236","Pf","48h","Pf_48h","Endo_f",4,0.0987246582905452,0.367295101284981,-1.18874366006429,1.48142771422863,1.53534232079983,-1.42066852081745,0.831900659416403
"Hrv236","Pf","48h","Pf_48h","F",9,0.0329360109236505,0.233935281965468,-0.85576421412192,0.815797842211194,0.150630700919363,-0.143291836758096,1.02179007728895
"Hrv236","Pf","48h","Pf_48h","HBC",1,0,0.291945719718933,-1.54864858417117,0,0,-0.568304046458217,1.0620795743806
"Hrv236","Pf","48h","Pf_48h","PAMM1",13,0.0984418502984903,0.263934730107968,-0.479202815436134,0.292097559342018,0.314362360880925,-0.751342567303581,1.36743113267553
"Hrv236","Pf","48h","Pf_48h","PV",12,0.0124853841132588,0.295976830522219,-1.46525583303942,1.36438131332397,0.305070469776789,0.074097368326452,0.640869773924351
"Hrv236","Pf","48h","Pf_48h","VCT_CCC",33,0.0686390051110224,0.301727100123059,-1.00490701758131,1.25525108973185,0.77103733474558,-0.608469427685233,0.566869130995108
"Hrv236","Pf","48h","Pf_48h","VCT_fusing",22,0.0854925176862514,0.370771453461864,-1.3305047290667,1.82973103225231,0.767497542906891,-0.168088385934474,0.56805538569952
"Hrv236","Pf","48h","Pf_48h","iEVT",4,0.103418934469422,0.196588908880949,0.0290619527311662,3.12898832559586,1.54060693085194,-0.177535875797761,0.728769488100495
"Hrv236","UI","24h","UI_24h","EVT_1",7,0.160190822113128,0.236732070360865,0.257979794606871,1.62255998168673,2.07221444164004,-2.0046423484299,0.672095261210082
"Hrv236","UI","24h","UI_24h","EVT_2",66,0.0633850078841652,0.221149558686849,-0.496580030280661,2.63227190709475,0.554597116781004,0.714790883974426,0.824745933682501
"Hrv236","UI","24h","UI_24h","Endo_f",3346,0.162731114720388,0.238014541786371,0.27176219224546,2.23799007443864,0.615624389816599,0.337119894918647,0.990114751404472
"Hrv236","UI","24h","UI_24h","F",2791,0.135152107909736,0.229325171715147,0.0860747579794264,1.86526416580082,0.111395200679098,0.703380182690411,1.3028427896699
"Hrv236","UI","24h","UI_24h","F_p",182,0.131215918904696,0.248486870510893,-0.0809776958278863,1.9978561267093,0.0990712970986471,0.819832935217422,1.31593109674904
"Hrv236","UI","24h","UI_24h","F_sm",58,0.0873808525502682,0.192585454624275,-0.0861527193076213,1.19716442530525,0.0749987538518577,0.243379716221718,1.1109268941132
"Hrv236","UI","24h","UI_24h","HBC",3538,0.163333815138696,0.290529592979621,-0.0846525478384602,0.263158999631943,0.0652035169172853,-0.45258816608925,1.05796492392478
"Hrv236","UI","24h","UI_24h","HBC_p",5,0.197833428780238,0.261711105108261,0.421047387969152,0.181690698862076,0,-0.430465808639416,0.792446006621633
"Hrv236","UI","24h","UI_24h","PAMM1",790,0.168127821695515,0.239867398101318,0.307047200650304,0.643112748465206,0.0903868637318853,-0.196754314578989,1.42656903037596
"Hrv236","UI","24h","UI_24h","PV",2418,0.0885739189729008,0.213993273961386,-0.223010647968769,2.1747566531447,0.1728312885304,0.859095904610832,0.933329652831782
"Hrv236","UI","24h","UI_24h","VCT",324,0.120680863823389,0.289826430072203,-0.45956831844104,2.19998781677381,0.913890638469178,-0.0756279448020502,0.611569279157663
"Hrv236","UI","24h","UI_24h","VCT_CCC",107,0.113433293719715,0.348509848257092,-0.928372256974475,1.98416847491933,0.476930309957433,0.323082203165542,0.747122529053561
"Hrv236","UI","24h","UI_24h","VCT_fusing",892,0.157115885028713,0.297536447659269,-0.188284644030798,1.75343090304144,1.32807763220717,-0.947531667853354,0.745767864846123
"Hrv236","UI","24h","UI_24h","VCT_p",62,0.125585806966629,0.262851260410201,-0.230062878350601,1.29256725767928,0.625605586555696,-0.392965225525746,0.539725327340689
"Hrv236","UI","24h","UI_24h","iEVT",85,0.109260236442673,0.201759608598316,0.0454484868416363,2.80456981904366,1.43771885738653,-0.2912195826128,0.824795294709566
"Hrv236","UI","48h","UI_48h","EVT_1",6,0.108562303913964,0.252137035131454,-0.307820132437843,2.52234903971354,2.35603519280752,-1.68734835736463,0.789331436512016
"Hrv236","UI","48h","UI_48h","EVT_2",221,0.0983251396308163,0.210690894446492,-0.113440411537154,2.45068664713952,2.04526232601021,-1.34169867828389,0.748130236535003
"Hrv236","UI","48h","UI_48h","Endo_f",1557,0.213547549676848,0.235529240705527,0.74132703195109,2.93527737097167,0.535159768052184,0.969682691179557,0.865687089618007
"Hrv236","UI","48h","UI_48h","F",265,0.16379846837723,0.188190353220364,0.624508641358725,1.55278241195769,0.0903408898497527,0.49341868776944,0.920092130165216
"Hrv236","UI","48h","UI_48h","F_p",18,0.193277757338904,0.225889311068588,0.627265570564707,1.56950629668103,0.116705794301298,0.472170164415771,0.852547380008868
"Hrv236","UI","48h","UI_48h","HBC",1235,0.146119202977089,0.270868551069908,-0.10247592082964,0.219493956664796,0.0599989063102707,-0.479015121940115,0.925931143237546
"Hrv236","UI","48h","UI_48h","HBC_p",3,0.160188499424193,0.228631488482157,0.313764746077283,0.106801827748617,0,-0.48727966917916,0.695684502522151
"Hrv236","UI","48h","UI_48h","PAMM1",1538,0.169557114335614,0.23251250294002,0.370441415732181,0.475488895383241,0.0835518940546888,-0.31512311886155,1.09490907600538
"Hrv236","UI","48h","UI_48h","PV",766,0.0997311235077232,0.198222478420787,-0.0150262240944497,2.35561311369465,0.438403763032613,0.65446579690618,0.638998539626448
"Hrv236","UI","48h","UI_48h","VCT",102,0.137501046511959,0.273450864077199,-0.196997334507843,2.23161057718829,0.983306544084175,-0.140987271504117,0.566634429623934
"Hrv236","UI","48h","UI_48h","VCT_CCC",93,0.117569424211979,0.24759065954275,-0.196304982607617,1.41057667696989,0.625006567566626,-0.302667259985086,0.547658314633708
"Hrv236","UI","48h","UI_48h","VCT_fusing",337,0.167874252469704,0.244152696160959,0.27526775001674,2.30887204934829,1.35037165234634,-0.55484662627323,0.744678598607923
"Hrv236","UI","48h","UI_48h","VCT_p",2,0.141136560589075,0.331481571495533,-0.564407310912578,2.81682050228119,1.02822470664978,0.245160630327998,0.656633635184594
"Hrv236","UI","48h","UI_48h","iEVT",167,0.100775172353951,0.166309470611953,0.214121008265832,3.42391259067073,1.09941953527713,0.614086874112244,0.711932886098699
"scDonor_Tg1","Tg","24h","Tg_24h","EVT_1",14,0.115689590218521,0.154502911120653,0.428247749647059,0.531004499111857,2.0260318006788,-2.77329778386643,0.574716904865844
"scDonor_Tg1","Tg","24h","Tg_24h","EVT_2",26,0.069962897648414,0.145641180070547,0.0821700731847907,2.65999493690637,0.463280058824099,0.853362819049954,0.737554365134501
"scDonor_Tg1","Tg","24h","Tg_24h","Endo_f",135,0.188538012644391,0.23959638711479,0.49063605345211,2.95866202336771,0.374184417062336,1.19462503072506,0.843011905710218
"scDonor_Tg1","Tg","24h","Tg_24h","F",472,0.0577959042137205,0.140287094860006,0.0107261975214295,1.27861820458103,0.109887738096512,0.260266131958287,0.858504576556673
"scDonor_Tg1","Tg","24h","Tg_24h","F_p",121,0.0988601213603309,0.185377154690175,0.0657114026975232,1.13476370890771,0.0541560893709009,0.222867834755337,0.612953022702948
"scDonor_Tg1","Tg","24h","Tg_24h","F_sm",226,0.0651066655672229,0.134664061335863,0.114555033124936,1.00647057777485,0.104639136092325,0.060559262265374,0.667312455110431
"scDonor_Tg1","Tg","24h","Tg_24h","HBC",1596,0.138231437071324,0.272781971149277,-0.185886249864934,0.127690931189254,0.0464335642194838,-0.53119994779158,0.914236438450311
"scDonor_Tg1","Tg","24h","Tg_24h","HBC_p",30,0.163172478725513,0.328298272093137,-0.346280805282982,0.0662998954455058,0.0111063520113627,-0.532301847469237,0.775636781823067
"scDonor_Tg1","Tg","24h","Tg_24h","PAMM1",150,0.130310544843475,0.202811923573414,0.225620105281162,0.216079380214214,0.0237242023150126,-0.434914053199181,1.04022557417197
"scDonor_Tg1","Tg","24h","Tg_24h","PV",135,0.0667204072445999,0.18931378878929,-0.247563891293421,2.19400003287527,0.17837387488948,0.866560524902977,0.750394226886608
"scDonor_Tg1","Tg","24h","Tg_24h","VCT",267,0.0728459399560938,0.245396826592054,-0.579386353730045,1.89552595184537,0.849261441536611,-0.223417167488091,0.551617540630381
"scDonor_Tg1","Tg","24h","Tg_24h","VCT_CCC",122,0.0659506368384661,0.243933081089473,-0.630694709888026,1.61406542800489,0.46250087511344,0.0608794566202986,0.59113598799887
"scDonor_Tg1","Tg","24h","Tg_24h","VCT_fusing",274,0.140726605094879,0.236514828201846,0.0861770262308046,1.4615746855627,2.03022988162337,-2.07273155871439,0.78866872717204
"scDonor_Tg1","Tg","24h","Tg_24h","VCT_p",120,0.0890103726440834,0.211472654230893,-0.20175991487242,1.14185802458475,0.795354512023429,-0.725794402977141,0.509040156556737
"scDonor_Tg1","Tg","24h","Tg_24h","iEVT",34,0.0829682033874241,0.161055916021852,0.0917691292653386,1.96302040184245,1.72639314961784,-1.30122580953718,0.786212966519118
"scDonor_Tg1","Tg","48h","Tg_48h","EVT_1",8,0.0855476412301262,0.121954087167978,0.384111104642725,1.75492836162448,1.72388938069344,-1.45587045752711,0.644412964183305
"scDonor_Tg1","Tg","48h","Tg_48h","EVT_2",74,0.0622647094733275,0.172245102516703,-0.169647427626191,2.3680537967263,1.09089860380501,-0.175964360549297,0.693234511345452
"scDonor_Tg1","Tg","48h","Tg_48h","Endo_f",69,0.194925886421388,0.267526677898739,0.355096127519307,2.67313064699588,0.165673645942107,1.24639652837831,0.807548904224582
"scDonor_Tg1","Tg","48h","Tg_48h","F",120,0.110844634100795,0.160240585654974,0.345583402423277,1.26914584214489,0.120359429592888,0.239601208369836,0.647227007017604
"scDonor_Tg1","Tg","48h","Tg_48h","F_p",17,0.134957062847474,0.232849732216667,0.0600571653021663,0.995521329781588,0.04058278483503,0.134703760611613,0.440463871577708
"scDonor_Tg1","Tg","48h","Tg_48h","HBC",739,0.17479721333766,0.324617676043704,-0.217424197546179,0.119141077801726,0.0505062538490244,-0.542928449117797,0.888705128843817
"scDonor_Tg1","Tg","48h","Tg_48h","HBC_p",6,0.144273065858417,0.442803999781609,-1.30339162593951,0,0,-0.568304046458217,0.676583107028689
"scDonor_Tg1","Tg","48h","Tg_48h","PAMM1",44,0.150761908710454,0.199939342655919,0.42749798798271,0.157469565895471,0.0828252258625898,-0.555450672190707,0.764548653422238
"scDonor_Tg1","Tg","48h","Tg_48h","PV",80,0.0689113024622202,0.182362462803721,-0.180168982969247,2.37821187116206,0.339173606410623,0.799335702119052,0.572531802792634
"scDonor_Tg1","Tg","48h","Tg_48h","VCT",144,0.0755057795473409,0.246683041130503,-0.564565357922743,2.08631217924671,0.601869260892272,0.239755750971582,0.512743808111058
"scDonor_Tg1","Tg","48h","Tg_48h","VCT_CCC",76,0.0785017205696357,0.190011098353486,-0.147472969774499,1.78451692763912,0.391797174552554,0.281198455469059,0.60127614603791
"scDonor_Tg1","Tg","48h","Tg_48h","VCT_fusing",342,0.124021062825318,0.253300703231964,-0.178199913984278,1.81163961320505,1.1925303699416,-0.72890046000161,0.721728362667444
"scDonor_Tg1","Tg","48h","Tg_48h","VCT_p",36,0.0805172787772285,0.243283308545748,-0.496524487297116,1.30005446324746,0.478563246213728,-0.198017437029687,0.416260098003679
"scDonor_Tg1","Tg","48h","Tg_48h","iEVT",7,0.0716842927393459,0.23716992863587,-0.533053228354591,3.0466057062149,1.30222459350313,0.0668024679773511,0.740310350699084
"scDonor_Tg1","UI","24h","UI_24h","EVT_1",84,0.0981466648213211,0.177996881856095,0.110202511135416,1.17613256500945,1.97448777159055,-2.21753074264672,0.605272557320339
"scDonor_Tg1","UI","24h","UI_24h","EVT_2",193,0.0369914920682117,0.121096181051101,-0.0422976610962978,2.32276641341998,0.679939649806121,0.318650487740295,0.662677756311451
"scDonor_Tg1","UI","24h","UI_24h","Endo_f",188,0.14379585312402,0.224462415262106,0.196534179123574,2.43394816872921,0.188056454458769,1.0361322423773,0.81324674035097
"scDonor_Tg1","UI","24h","UI_24h","F",335,0.0700771953854988,0.139251751873031,0.127205062476096,1.3381743523612,0.0819739880846508,0.341377528633984,0.823634506129761
"scDonor_Tg1","UI","24h","UI_24h","F_p",19,0.103868303199609,0.167977071592682,0.230172401125283,1.36039530917218,0.12496744488415,0.302895634330942,0.726026340926948
"scDonor_Tg1","UI","24h","UI_24h","F_sm",39,0.0442555243642921,0.144624239817644,-0.139709353339373,0.844199226452754,0.100070042487903,-0.0566654633265623,0.605755502323965
"scDonor_Tg1","UI","24h","UI_24h","HBC",1022,0.112831223265202,0.217406930414315,-0.0305530811116534,0.121799899844741,0.0582622885849844,-0.550894646870033,1.00915787460765
"scDonor_Tg1","UI","24h","UI_24h","HBC_p",12,0.151580195046133,0.332038948436578,-0.475262385126022,0.0244062294562658,0,-0.549788450001589,0.76193492416115
"scDonor_Tg1","UI","24h","UI_24h","PAMM1",83,0.100331345655353,0.166315462933965,0.210128122163095,0.137957506330617,0.0584595481674355,-0.538890709705966,0.845680669501501
"scDonor_Tg1","UI","24h","UI_24h","PV",154,0.0548639233945768,0.167172472972374,-0.200594419631683,2.44935486610834,0.290458618239923,0.916011985403796,0.612489365773873
"scDonor_Tg1","UI","24h","UI_24h","VCT",945,0.06110488635864,0.229567311945416,-0.574871712075261,1.5278189219495,0.879402639058532,-0.541171929338481,0.509082117311809
"scDonor_Tg1","UI","24h","UI_24h","VCT_CCC",221,0.067540571486878,0.23798403067017,-0.575555210947562,1.75862528801773,0.363245117785704,0.298307157540546,0.558945238599873
"scDonor_Tg1","UI","24h","UI_24h","VCT_fusing",511,0.102751767895848,0.234628342068709,-0.23893520506293,1.23720624793591,2.15181622673154,-2.39944855680597,0.747822312338745
"scDonor_Tg1","UI","24h","UI_24h","VCT_p",370,0.070025984197855,0.21185053410965,-0.373390385467894,0.961338533561777,0.98399482441915,-1.1055552234291,0.453324230075688
"scDonor_Tg1","UI","24h","UI_24h","iEVT",59,0.08516746963569,0.18686397409035,-0.0664437514151852,2.07650580093012,1.86012819737701,-1.38726999650237,0.736281085335458
"scDonor_Tg1","UI","48h","UI_48h","EVT_1",35,0.105512894122373,0.158596673224654,0.309437393646576,2.05612371649061,1.75716501048633,-1.27020214926584,0.694842324816451
"scDonor_Tg1","UI","48h","UI_48h","EVT_2",101,0.0668011540454803,0.151354121158619,0.0146625746665968,2.89192344823686,1.44427361243432,-0.233386478046573,0.724546528978555
"scDonor_Tg1","UI","48h","UI_48h","Endo_f",165,0.162024704058363,0.216105087869095,0.41640885868084,2.86041050788128,0.222749386502035,1.31500907441842,0.807706778448123
"scDonor_Tg1","UI","48h","UI_48h","F",122,0.0898108847968565,0.130833757094672,0.360895992239144,1.60253838022224,0.0766408116113944,0.548799920862401,0.739303944898503
"scDonor_Tg1","UI","48h","UI_48h","F_p",4,0.0816825826962789,0.0604974389076233,0.773078947572256,1.37854611873627,0.0703934580087662,0.386911302717268,0.542359884296145
"scDonor_Tg1","UI","48h","UI_48h","HBC",1000,0.172534485424558,0.267390926927328,0.15666981972099,0.163715347081423,0.0628221201449633,-0.524965071544675,0.922081611882363
"scDonor_Tg1","UI","48h","UI_48h","HBC_p",5,0.135365537802378,0.242335385084152,-0.00165349311364622,0.262491917610168,0.207464599609375,-0.636207655781006,0.770500232066427
"scDonor_Tg1","UI","48h","UI_48h","PAMM1",18,0.0817296378038548,0.224403236475256,-0.355663765152262,0.373127390113142,0,-0.285233849374732,0.728793954210622
"scDonor_Tg1","UI","48h","UI_48h","PV",171,0.0659769967953596,0.169924826562753,-0.120610544115756,2.6008332619193,0.302334442386153,1.01564375505962,0.629955690637318
"scDonor_Tg1","UI","48h","UI_48h","VCT",488,0.0752138966093949,0.225332779113631,-0.420080272919866,2.28455528757367,0.739997386230064,0.212357728521717,0.553349994350905
"scDonor_Tg1","UI","48h","UI_48h","VCT_CCC",139,0.0555333477094305,0.171598713346522,-0.225126975079136,2.80057387707902,0.604117759054513,0.778730654637745,0.665014638405634
"scDonor_Tg1","UI","48h","UI_48h","VCT_fusing",862,0.11619247436777,0.229985737171361,-0.0872827538625602,2.40341918858464,1.42782758919656,-0.582817704261538,0.802783934308113
"scDonor_Tg1","UI","48h","UI_48h","VCT_p",103,0.0825779274057802,0.239345534970459,-0.451049859054965,1.63132347079735,0.460968570006125,0.0759444654846398,0.441323650708931
"scDonor_Tg1","UI","48h","UI_48h","iEVT",10,0.089529121791323,0.162625086456537,0.139374014293109,2.96024882793427,1.04613308310509,0.330920389689229,0.677304051550371
"scDonor_Tg2","Tg","24h","Tg_24h","EVT_1",5,0.0635216337939103,0.15689909607172,-0.0527364125352778,0.529890024662018,2.12662706375122,-2.90362592113863,0.601341290771961
"scDonor_Tg2","Tg","24h","Tg_24h","EVT_2",8,0.0478732027113438,0.172136555612087,-0.297034206399375,2.83557997643948,0.678510300815105,0.709532322458211,0.822252853108304
"scDonor_Tg2","Tg","24h","Tg_24h","Endo_f",521,0.108352988858255,0.21164117204937,-0.0307041511306672,2.4963814501799,0.301590227949185,0.937360125569249,0.87883174959657
"scDonor_Tg2","Tg","24h","Tg_24h","F",921,0.096109293385062,0.156478557000331,0.240304464946809,1.36620497638835,0.096028890788361,0.344551772301276,0.856437078990159
"scDonor_Tg2","Tg","24h","Tg_24h","F_p",74,0.129120715163849,0.188279410592608,0.315142253162117,1.42148333485868,0.0862613779467505,0.399060665331445,0.82470861969077
"scDonor_Tg2","Tg","24h","Tg_24h","F_sm",20,0.0618911086271207,0.158526412397623,-0.0784644966954972,1.22227430790663,0.112283998727798,0.214436890691462,0.591212433097618
"scDonor_Tg2","Tg","24h","Tg_24h","HBC",2385,0.118946600563767,0.253917849494976,-0.227631889531411,0.112353520560814,0.033555155848807,-0.52625892540096,0.847216934286779
"scDonor_Tg2","Tg","24h","Tg_24h","HBC_p",41,0.144129379675156,0.274463955730927,-0.144961346816333,0.127679318916507,0.0715232923990343,-0.563503364377944,0.753753439240962
"scDonor_Tg2","Tg","24h","Tg_24h","PAMM1",50,0.112259983420372,0.174096182107925,0.262732503700403,0.0650995188951492,0.00718852460384369,-0.528169615524564,1.07881832037653
"scDonor_Tg2","Tg","24h","Tg_24h","PV",320,0.0569422774016857,0.148677072059363,-0.0546733578909834,2.55722139310092,0.257167197670788,1.04069562267498,0.682550146307663
"scDonor_Tg2","Tg","24h","Tg_24h","VCT",449,0.0824116737953074,0.240100370543306,-0.457730225248953,2.02322665991921,0.708941585917383,0.0540767176171946,0.519680813753772
"scDonor_Tg2","Tg","24h","Tg_24h","VCT_CCC",85,0.0617052010899665,0.315569904744625,-1.16200635579979,1.78946182797937,0.542651990494307,0.0907749043939304,0.614519035108701
"scDonor_Tg2","Tg","24h","Tg_24h","VCT_fusing",180,0.0971711595439249,0.250832203775644,-0.400251918582924,2.02539246032635,1.97323283859425,-1.57163101259364,0.814662366165292
"scDonor_Tg2","Tg","24h","Tg_24h","VCT_p",64,0.100112176403248,0.225993444933556,-0.202950191982462,1.40443613240495,0.481247088406235,-0.122283640623502,0.441379519902901
"scDonor_Tg2","Tg","24h","Tg_24h","iEVT",21,0.0833085528796627,0.183122546899886,-0.0572195635033208,3.95356846991039,0.737384747891199,1.4819045142834,0.897288506787245
"scDonor_Tg2","Tg","48h","Tg_48h","EVT_1",3,0.146109197288752,0.224889470636845,0.214188982168241,1.84569267431895,1.71938749154409,-1.38121814468471,0.670378602508988
"scDonor_Tg2","Tg","48h","Tg_48h","EVT_2",37,0.05690384488385,0.154760366758785,-0.0969239013330214,2.45032545521453,1.1216082572937,-0.153077980983292,0.696772356233542
"scDonor_Tg2","Tg","48h","Tg_48h","Endo_f",243,0.131849187677943,0.215200321750386,0.15397460841175,2.685550418165,0.547184980332606,0.764750851464042,0.783492880103029
"scDonor_Tg2","Tg","48h","Tg_48h","F",160,0.103505093728503,0.165686680916697,0.242717276731284,1.44831751864403,0.0590784320607781,0.454407133000972,0.85853318490221
"scDonor_Tg2","Tg","48h","Tg_48h","F_p",11,0.12006017294797,0.191387201981111,0.213061997015824,1.42369470271197,0.114145369692282,0.364847018534665,0.630901457040341
"scDonor_Tg2","Tg","48h","Tg_48h","HBC",1133,0.140677591056403,0.319429788239373,-0.485467928963467,0.120495256513278,0.0391726233163768,-0.527312865257458,0.868925543663319
"scDonor_Tg2","Tg","48h","Tg_48h","HBC_p",4,0.249485143770774,0.417567150294781,-0.192778534442326,0,0,-0.568304046458217,0.653027731925249
"scDonor_Tg2","Tg","48h","Tg_48h","PAMM1",146,0.126962177693572,0.278335194922473,-0.324478588609141,0.166455561575824,0.0468878829724168,-0.502376244928875,0.80388883638347
"scDonor_Tg2","Tg","48h","Tg_48h","PV",238,0.0533509297134663,0.152107613039117,-0.110282172004544,2.38693321928257,0.176611279865273,1.01519653831211,0.597777167686215
"scDonor_Tg2","Tg","48h","Tg_48h","VCT",57,0.0991744330664824,0.22075780797423,-0.175230605677425,2.26891533742871,0.591858210009441,0.391172088111825,0.527258963569214
"scDonor_Tg2","Tg","48h","Tg_48h","VCT_CCC",23,0.062885196528573,0.234885768268419,-0.595660067002142,1.91353405428969,0.431248024753902,0.328296563510232,0.585831892370067
"scDonor_Tg2","Tg","48h","Tg_48h","VCT_fusing",87,0.0970622776968269,0.270174282498058,-0.534470653000132,2.24423696597417,0.980411865930448,-0.127682432786641,0.728257933769173
"scDonor_Tg2","Tg","48h","Tg_48h","VCT_p",17,0.071311219138842,0.23079735137084,-0.492473630153342,1.23853126694174,0.304626448189511,-0.020806263287628,0.34653995530445
"scDonor_Tg2","Tg","48h","Tg_48h","iEVT",10,0.0814802584548791,0.124041364490986,0.333517782367046,3.73016421794891,1.2029339030385,0.713182275262043,0.77802936903068
"scDonor_Tg2","UI","24h","UI_24h","EVT_1",53,0.0931819286548866,0.174188651734928,0.0922342931093332,1.18621158515507,2.41210826387945,-2.77317392742217,0.653936307706601
"scDonor_Tg2","UI","24h","UI_24h","EVT_2",122,0.0369048596568446,0.158859956753059,-0.30322701252319,2.64469675841879,0.786134408389936,0.426190322469873,0.724649599515582
"scDonor_Tg2","UI","24h","UI_24h","Endo_f",376,0.0991483356354507,0.174398685833241,0.143909165969472,2.44875138102377,0.41645923042868,0.753370643159548,0.835477588689776
"scDonor_Tg2","UI","24h","UI_24h","F",646,0.0796216803346256,0.128462026252097,0.286515626106284,1.30641808612243,0.090793058091642,0.305934290152288,0.837970850284861
"scDonor_Tg2","UI","24h","UI_24h","F_p",38,0.124985880496209,0.199324224261861,0.202239106655212,1.26923088572527,0.0772609514625449,0.295140556385342,0.837676294175978
"scDonor_Tg2","UI","24h","UI_24h","F_sm",13,0.0490033351458036,0.0615717218472407,0.474718918194399,1.03442975649467,0.0357954777204073,0.17038338809592,0.795812297653366
"scDonor_Tg2","UI","24h","UI_24h","HBC",1529,0.110223671252077,0.246051393368417,-0.251103643641673,0.105753036984593,0.0449587421100696,-0.545944622237359,0.852573029976782
"scDonor_Tg2","UI","24h","UI_24h","HBC_p",23,0.0932006632936174,0.264110820189766,-0.52708074688081,0,0.0311066728571187,-0.608343450975165,0.742958157514193
"scDonor_Tg2","UI","24h","UI_24h","PAMM1",346,0.103021766617176,0.182726430358914,0.121025626311686,0.13155944628178,0.0540314773259135,-0.538044892759684,0.97508031486985
"scDonor_Tg2","UI","24h","UI_24h","PV",431,0.0512108243512075,0.1477927153459,-0.0996108532261738,2.45711712494251,0.232670192859566,0.996283971528106,0.628296544205522
"scDonor_Tg2","UI","24h","UI_24h","VCT",315,0.0777486081318881,0.214656556702795,-0.323963057297571,1.8371625177917,0.793448568620379,-0.195853785758979,0.506268195125386
"scDonor_Tg2","UI","24h","UI_24h","VCT_CCC",89,0.0770006142277619,0.279760145538309,-0.779127243628534,1.39699365834842,0.516148341840573,-0.172853469641457,0.569051651950824
"scDonor_Tg2","UI","24h","UI_24h","VCT_fusing",152,0.105248089373242,0.229821361473909,-0.183593525310539,1.65059342303951,2.06669785003913,-1.97627423505278,0.758039897020654
"scDonor_Tg2","UI","24h","UI_24h","VCT_p",97,0.0682139319025262,0.215413854409432,-0.414071997892647,0.951129952656854,0.90001664502719,-1.00520615411655,0.452135702913328
"scDonor_Tg2","UI","24h","UI_24h","iEVT",94,0.0919559209587726,0.162062562336313,0.164856263735879,2.73997810292751,1.34592900060593,-0.222072942834754,0.789634615952845
"scDonor_Tg2","UI","48h","UI_48h","EVT_1",2,0.196114793419838,0.264564669132233,0.386087086172125,1.80994033813477,2.24109244346619,-2.07986146214383,0.774371606963021
"scDonor_Tg2","UI","48h","UI_48h","EVT_2",109,0.0686050903405254,0.152687919522644,0.0215352388853389,2.5238655376325,1.34527076712442,-0.385177807569084,0.683349908257531
"scDonor_Tg2","UI","48h","UI_48h","Endo_f",421,0.126560673188427,0.180370738160865,0.346832507401346,2.70966978162315,0.601630712843847,0.712968206065203,0.82659062245386
"scDonor_Tg2","UI","48h","UI_48h","F",385,0.0859653598947442,0.160656095015538,0.121208670595006,1.53967769447859,0.0939663489917656,0.4788103333695,1.00563340248723
"scDonor_Tg2","UI","48h","UI_48h","F_p",14,0.0826232837779181,0.121027689959322,0.364456164266971,1.2607574824776,0.347150836672102,-0.0586804000217916,0.799880147436444
"scDonor_Tg2","UI","48h","UI_48h","HBC",1105,0.137938157870219,0.268379753846928,-0.158170189033374,0.154946686172377,0.0515065793537986,-0.517052385828928,0.948929857639397
"scDonor_Tg2","UI","48h","UI_48h","HBC_p",7,0.112222136840934,0.284313892466681,-0.496904105778046,0.161218624029841,0,-0.4459967892402,0.824413522925912
"scDonor_Tg2","UI","48h","UI_48h","PAMM1",36,0.106172952387068,0.222365645567576,-0.123995928852272,0.12342819902632,0.0581776201725006,-0.549550368166606,0.875986236487589
"scDonor_Tg2","UI","48h","UI_48h","PV",562,0.0410870756083395,0.151322658720602,-0.214065595704031,2.5883671931949,0.217780658544383,1.11502109637249,0.635279782434587
"scDonor_Tg2","UI","48h","UI_48h","VCT",117,0.0926449778901036,0.207588248209566,-0.142639240954831,2.38406131563024,0.568912680714558,0.508061360712453,0.533670933464581
"scDonor_Tg2","UI","48h","UI_48h","VCT_CCC",31,0.0646095787004758,0.225660845445048,-0.516755739174118,2.10592075605546,0.382430078521852,0.537085967446324,0.64085033978872
"scDonor_Tg2","UI","48h","UI_48h","VCT_fusing",218,0.117369630758505,0.224539073501978,-0.0392794072037291,2.5456304361514,1.09139120818005,-0.041881284831882,0.778503654429477
"scDonor_Tg2","UI","48h","UI_48h","VCT_p",21,0.0866922258384644,0.234069778167066,-0.378073104220076,2.0070551832517,0.555290020647503,0.239583190144568,0.436603402478152
"scDonor_Tg2","UI","48h","UI_48h","iEVT",3,0.0132876634597778,0.144088840484619,-0.411742832137106,2.80363686879476,1.23680649201075,-0.033320096967328,0.732942048992429
"scDonor_Tg3","Tg","24h","Tg_24h","EVT_1",25,0.107475636551778,0.191972074449062,0.0969865242881372,1.40457969129086,2.03001878261566,-2.11569864939327,0.615182877842869
"scDonor_Tg3","Tg","24h","Tg_24h","EVT_2",45,0.053572957355667,0.146310269203451,-0.068366933101987,3.34172414938609,0.88847631878323,0.823253867755797,0.708675148267122
"scDonor_Tg3","Tg","24h","Tg_24h","Endo_f",529,0.214278895208388,0.268641992366832,0.519721854764016,3.10185587946995,0.112643574017658,1.63990402200289,0.905359751434985
"scDonor_Tg3","Tg","24h","Tg_24h","F",375,0.193290437181791,0.185797122104963,0.903577133147784,1.480036444664,0.153921029090881,0.356392427453729,0.818275118189199
"scDonor_Tg3","Tg","24h","Tg_24h","F_p",30,0.220955475171407,0.1839152298371,1.16285691443017,1.1230223039786,0.162010849018892,0.0751334930320066,0.843184954105389
"scDonor_Tg3","Tg","24h","Tg_24h","F_sm",1,0,0,0.462591533604413,0.381315469741821,0,-0.279022026346884,0.439836812870843
"scDonor_Tg3","Tg","24h","Tg_24h","HBC",867,0.148603241571276,0.296997619269903,-0.260364802574873,0.377639771264042,0.0447838456126095,-0.339454741983635,0.978006773728194
"scDonor_Tg3","Tg","24h","Tg_24h","HBC_p",2,0.0869541813929876,0.294158524274826,-0.789697521349292,0.299494415521622,0.171844005584717,-0.56228643454661,0.571780029152121
"scDonor_Tg3","Tg","24h","Tg_24h","PAMM1",274,0.143607878282557,0.234440261440991,0.126122275099436,0.499301504969162,0.0320603372733088,-0.230779764395329,1.01328133231144
"scDonor_Tg3","Tg","24h","Tg_24h","PV",356,0.0948082472263985,0.204271154206121,-0.100526847718458,3.04639981368954,0.50073766335845,1.09829178008055,0.730145808309317
"scDonor_Tg3","Tg","24h","Tg_24h","VCT",293,0.0724599615620943,0.270084656383397,-0.752899569357838,2.22855736483079,0.60253791088944,0.346808293917556,0.513680192485256
"scDonor_Tg3","Tg","24h","Tg_24h","VCT_CCC",99,0.0674843736469545,0.277127762123792,-0.845720226943779,3.1463499231772,0.467749015851454,1.21657996995225,0.713302684584995
"scDonor_Tg3","Tg","24h","Tg_24h","VCT_fusing",505,0.0978447074802107,0.260179337401791,-0.458648232204869,2.36804804973083,1.1706051728513,-0.278564185280293,0.808855607500234
"scDonor_Tg3","Tg","24h","Tg_24h","VCT_p",139,0.0798837961874706,0.262611353204405,-0.635317314767606,1.48659206369369,0.564846740620171,-0.167563184516437,0.464378442017999
"scDonor_Tg3","Tg","24h","Tg_24h","iEVT",9,0.107915384763921,0.18237615691291,0.167008948297904,2.24850086702241,1.83279224236806,-1.22160140477178,0.721923044335747
"scDonor_Tg3","Tg","48h","Tg_48h","EVT_1",14,0.119796601257154,0.19177491920335,0.208044271810309,2.18380532094411,1.75492723924773,-1.17045711186459,0.706158924087578
"scDonor_Tg3","Tg","48h","Tg_48h","EVT_2",247,0.0742694889465485,0.149933784108172,0.0909416129495953,2.31591466286404,1.14478015362734,-0.284873726854642,0.65968743994608
"scDonor_Tg3","Tg","48h","Tg_48h","Endo_f",455,0.207804910713063,0.233839550496458,0.701837957324889,3.06227964254526,0.100096322448699,1.6260301937705,0.868240309058684
"scDonor_Tg3","Tg","48h","Tg_48h","F",533,0.181831366680166,0.166073548726696,0.937428925261798,1.50176806177587,0.150414946267126,0.37739185531299,0.696659313427463
"scDonor_Tg3","Tg","48h","Tg_48h","F_p",13,0.220257610082626,0.210511731642943,0.973417808370856,0.982772862681976,0.189743762979141,-0.0669624784236457,0.561032969954905
"scDonor_Tg3","Tg","48h","Tg_48h","HBC",765,0.151065042644155,0.298506616509818,-0.248841809706091,0.239039338141485,0.0414602309075836,-0.440324845498855,0.754073020092357
"scDonor_Tg3","Tg","48h","Tg_48h","HBC_p",44,0.143318292656631,0.273211055926301,-0.143551509548087,0.143817307258194,0.026766260239211,-0.493650742632802,0.586869662288915
"scDonor_Tg3","Tg","48h","Tg_48h","PAMM1",405,0.12025094172101,0.229175308251087,-0.0455651325136447,0.505216830380169,0.035570979780621,-0.23081092305764,0.904184460823919
"scDonor_Tg3","Tg","48h","Tg_48h","PV",371,0.0802318678209884,0.174795164967162,-0.02724470621205,2.78467172978702,0.362652465359702,1.07747216424023,0.641698062744079
"scDonor_Tg3","Tg","48h","Tg_48h","VCT",147,0.0776924599308411,0.251982716699036,-0.581606219356117,2.41065405542348,0.647242941215736,0.427411806918213,0.535519216597022
"scDonor_Tg3","Tg","48h","Tg_48h","VCT_CCC",210,0.0701328968658807,0.213297510076137,-0.382406836673968,2.82124372848443,0.502943756999005,0.92463925904951,0.675780803243927
"scDonor_Tg3","Tg","48h","Tg_48h","VCT_fusing",542,0.0945855393103091,0.234313808901174,-0.309476253707322,2.71412122315586,0.9049992195822,0.325860090181128,0.762932741933031
"scDonor_Tg3","Tg","48h","Tg_48h","VCT_p",61,0.0805881708005413,0.248924272544071,-0.534754405624716,2.32853541034655,0.595083575268261,0.432250817857368,0.525487212294089
"scDonor_Tg3","Tg","48h","Tg_48h","iEVT",15,0.0850106495122115,0.133612178365389,0.299016376123654,2.86340781847636,1.12070312102636,0.161468805475768,0.701899261098532
"scDonor_Tg3","UI","24h","UI_24h","EVT_1",21,0.120415542452108,0.250446478171008,-0.190638600252489,2.07779423395793,1.56596941394465,-1.00766179810139,0.648682928941891
"scDonor_Tg3","UI","24h","UI_24h","EVT_2",115,0.0467942126203274,0.149789088912632,-0.152687286265246,3.14188354611397,0.819242663616719,0.760761447922301,0.687091884553803
"scDonor_Tg3","UI","24h","UI_24h","Endo_f",463,0.219182031032012,0.260563499189221,0.619030312680196,2.89488065641848,0.125886753684244,1.46583772572635,0.84708654875811
"scDonor_Tg3","UI","24h","UI_24h","F",224,0.204478775417166,0.189373537006655,0.978554096091047,1.32076556341989,0.190813801251352,0.188075744134309,0.711353968011634
"scDonor_Tg3","UI","24h","UI_24h","F_p",16,0.211183360001693,0.215694033540785,0.856924016412265,1.2225799113512,0.201668351888657,0.0996163695580437,0.598860764676439
"scDonor_Tg3","UI","24h","UI_24h","F_sm",1,0.144496043523153,0.173395252227783,0.554574557631092,0.314142942428589,0,-0.329981942581891,0.714283900601523
"scDonor_Tg3","UI","24h","UI_24h","HBC",827,0.157843465426188,0.305754773569222,-0.238423423334824,0.34968668377385,0.0652745260509067,-0.387036010858553,0.898636537239967
"scDonor_Tg3","UI","24h","UI_24h","HBC_p",2,0.130678792794546,0.0866853952407837,1.02890481284955,0.216713488101959,0.216713488101959,-0.682841946630746,0.514764841113772
"scDonor_Tg3","UI","24h","UI_24h","PAMM1",190,0.131829075959691,0.2342021430323,0.0228903014005816,0.515972584407581,0.0456633600749468,-0.235641707259648,0.951712762385159
"scDonor_Tg3","UI","24h","UI_24h","PV",334,0.101257347157913,0.213911808929044,-0.109522712409028,2.85212566351105,0.492241878307865,0.961842677414911,0.631039577922676
"scDonor_Tg3","UI","24h","UI_24h","VCT",245,0.0695351932628625,0.261777192062261,-0.721709337644415,2.04567023807642,0.657752782288863,0.136991773915112,0.471972097578097
"scDonor_Tg3","UI","24h","UI_24h","VCT_CCC",95,0.0637524214230086,0.254437756350166,-0.722634133759832,2.75875505428565,0.489081369575701,0.895075884363177,0.615971792786193
"scDonor_Tg3","UI","24h","UI_24h","VCT_fusing",699,0.0969215995780005,0.259993180835111,-0.465584660588944,2.13431951647707,1.32289201485923,-0.65189873648621,0.761847153333035
"scDonor_Tg3","UI","24h","UI_24h","VCT_p",230,0.0704713801488928,0.246363462235617,-0.607187451148835,1.63872611846613,0.705961770596712,-0.23378611996539,0.483914973600681
"scDonor_Tg3","UI","24h","UI_24h","iEVT",60,0.110785609856248,0.194390739202499,0.109794425421066,2.18342247928182,1.86503896713257,-1.31247945712355,0.685589464603081
"scDonor_Tg3","UI","48h","UI_48h","EVT_1",9,0.133368360637515,0.211615215904183,0.19219865656602,2.30013881789313,1.49477446079254,-0.747342190922145,0.676276535387077
"scDonor_Tg3","UI","48h","UI_48h","EVT_2",64,0.0613127407268621,0.14987494230736,-0.0240132372103604,3.45318452455103,1.12383551034145,0.604866423501872,0.7461901198424
"scDonor_Tg3","UI","48h","UI_48h","Endo_f",280,0.204318739855219,0.257896506142403,0.505068372133265,3.10762763449124,0.0550153080906187,1.71845977630622,0.875937020907901
"scDonor_Tg3","UI","48h","UI_48h","F",345,0.211914295368436,0.17263423209605,1.16007470367932,1.33664852886096,0.195602141212726,0.193961851395476,0.635116890106759
"scDonor_Tg3","UI","48h","UI_48h","F_p",3,0.205206814739439,0.202060604095459,0.89763384602426,0.508089353640874,0,-0.18284600375722,0.368360507346335
"scDonor_Tg3","UI","48h","UI_48h","HBC",527,0.160139433643736,0.309451074437353,-0.243445450746569,0.218790491318341,0.0130548129102084,-0.419124030704698,0.745578544565286
"scDonor_Tg3","UI","48h","UI_48h","HBC_p",57,0.172871995521219,0.264660973454777,0.178481728992633,0.17823107645177,0.00816813791007326,-0.443604161334399,0.547255289901916
"scDonor_Tg3","UI","48h","UI_48h","PAMM1",412,0.123716724735103,0.230417580830241,-0.0232657112548041,0.543849954146494,0.0208718789723313,-0.182582043200916,0.945359918264344
"scDonor_Tg3","UI","48h","UI_48h","PV",262,0.0794447503661685,0.183931796537101,-0.0971958651378969,2.72316426960112,0.37828575774231,1.01068738846792,0.605993039556652
"scDonor_Tg3","UI","48h","UI_48h","VCT",123,0.0721250957428278,0.25738697357294,-0.668405572155052,2.16956343350372,0.619936145539206,0.279658616293242,0.513253220987618
"scDonor_Tg3","UI","48h","UI_48h","VCT_CCC",122,0.0532323856904207,0.214606156994085,-0.541895673939079,3.3212428322581,0.523943943933385,1.27692900173233,0.726922268026118
"scDonor_Tg3","UI","48h","UI_48h","VCT_fusing",327,0.0874257280997302,0.212250547038124,-0.221227747161068,3.07730520236383,0.958010288280085,0.533152830907871,0.846522767360409
"scDonor_Tg3","UI","48h","UI_48h","VCT_p",104,0.0859393714449536,0.27153851616268,-0.64290161214427,2.11945878083889,0.55947626933742,0.31946891597771,0.515253076652208
"scDonor_Tg3","UI","48h","UI_48h","iEVT",17,0.089589276223206,0.157500522890512,0.175213174136612,4.05701912150663,1.31378138065338,0.818469273411134,0.772876450744998
"scDonor_Tg4","Tg","24h","Tg_24h","EVT_1",11,0.0633173408833417,0.18092242018743,-0.220054155239295,1.84171963279898,1.82852250879461,-1.5247069799473,0.713574957683102
"scDonor_Tg4","Tg","24h","Tg_24h","EVT_2",31,0.0553479227487759,0.183587100717329,-0.309366973978586,2.83800996888068,0.84993802732037,0.490720136224589,0.816577124980188
"scDonor_Tg4","Tg","24h","Tg_24h","Endo_f",707,0.152882630801999,0.24402579684153,0.142664288459606,2.69549254657861,0.417152062374598,0.939667123727803,0.864406196206694
"scDonor_Tg4","Tg","24h","Tg_24h","F",983,0.123911795428382,0.2072282268733,0.13822462672242,2.00616762372509,0.151176740488346,0.759070111733579,0.838910705905991
"scDonor_Tg4","Tg","24h","Tg_24h","F_p",64,0.120780772723568,0.203154281061143,0.138413388551555,1.88789819134399,0.272770701674744,0.51283449694141,0.784024396562018
"scDonor_Tg4","Tg","24h","Tg_24h","F_sm",5,0.0332610259453456,0.24329412817955,-0.917344374469355,0.704660654067993,0.120947527885437,-0.189398075433806,0.514267730712891
"scDonor_Tg4","Tg","24h","Tg_24h","HBC",1528,0.158333715669044,0.324409957399777,-0.362575713818453,0.310260329639334,0.041966504861079,-0.386945251199619,0.844742842442819
"scDonor_Tg4","Tg","24h","Tg_24h","HBC_p",5,0.0673144340515137,0.138090882301331,0.110604191788779,0,0.157889693975449,-0.77153405293232,0.59522699373109
"scDonor_Tg4","Tg","24h","Tg_24h","PAMM1",179,0.152922996165477,0.255638899516793,0.0630199801389856,0.529929877825955,0.0528772656478029,-0.234338598033887,1.05023660374016
"scDonor_Tg4","Tg","24h","Tg_24h","PV",480,0.0780585334894972,0.19877985002473,-0.211827592231121,3.08231193348765,0.34327876775836,1.32821172900453,0.71272538973329
"scDonor_Tg4","Tg","24h","Tg_24h","VCT",151,0.0953896431865019,0.268216071045951,-0.535872636226778,2.37040224000318,0.42740228604402,0.679846163190157,0.49159729057463
"scDonor_Tg4","Tg","24h","Tg_24h","VCT_CCC",28,0.106012523351681,0.293721592852048,-0.617001795390085,2.95463257602283,0.345817001802581,1.22808165121163,0.727015133871108
"scDonor_Tg4","Tg","24h","Tg_24h","VCT_fusing",178,0.136232233100504,0.306203572686469,-0.433930528610994,2.50653646869606,0.874828004728207,0.207212844355867,0.76450228961379
"scDonor_Tg4","Tg","24h","Tg_24h","VCT_p",29,0.11882081833379,0.220317341027589,0.00272511174195858,1.81515411056321,0.805314665724491,-0.227823911758238,0.539790916986066
"scDonor_Tg4","Tg","24h","Tg_24h","iEVT",12,0.0883542115075721,0.230690855532885,-0.339997939762264,2.41986489295959,1.63426096737385,-0.836055011043411,0.755341611713881
"scDonor_Tg4","Tg","48h","Tg_48h","EVT_1",6,0.155875208477179,0.253510485092799,0.103967795808529,2.22098807493846,1.67809735238552,-1.04335600260157,0.7412245582257
"scDonor_Tg4","Tg","48h","Tg_48h","EVT_2",249,0.0660682753117448,0.173176080467232,-0.142196025497472,2.77774587477067,0.797417818662153,0.51260339647041,0.727796512125332
"scDonor_Tg4","Tg","48h","Tg_48h","Endo_f",419,0.168243285905727,0.214758669825044,0.481051504460277,3.16382147233071,0.347610695158667,1.3844724046093,0.834300328293759
"scDonor_Tg4","Tg","48h","Tg_48h","F",824,0.144978097088418,0.177351910082027,0.531608745367037,1.92726684434032,0.1474915150987,0.703956139374331,0.68772560142332
"scDonor_Tg4","Tg","48h","Tg_48h","F_p",40,0.176367827008168,0.16696676813066,0.882630912226077,1.77208640277386,0.132695434987545,0.605274691215616,0.638580846946154
"scDonor_Tg4","Tg","48h","Tg_48h","HBC",788,0.164867764011076,0.328822924041657,-0.334801231855338,0.200757757245284,0.0287092969124087,-0.452954320203519,0.763510472891532
"scDonor_Tg4","Tg","48h","Tg_48h","HBC_p",5,0.218673316637675,0.400116956233978,-0.346895238421971,0.286667382717133,0.0427020043134689,-0.405790565950233,0.450528005617006
"scDonor_Tg4","Tg","48h","Tg_48h","PAMM1",283,0.138004254659438,0.255629502547503,-0.0697440781508021,0.397033490266901,0.0187891962882066,-0.291282458274821,0.919364775742081
"scDonor_Tg4","Tg","48h","Tg_48h","PV",250,0.0583267486989498,0.147777610611916,-0.0361502679421071,2.98183639729023,0.319791314840317,1.2822189589012,0.611417169992413
"scDonor_Tg4","Tg","48h","Tg_48h","VCT",216,0.0823023699361969,0.240853952078356,-0.463894900993774,2.92313399221058,0.520335992522262,0.979550848559609,0.541988554755571
"scDonor_Tg4","Tg","48h","Tg_48h","VCT_CCC",101,0.0581529450298536,0.20943156439479,-0.462437316248998,2.87102745001269,0.596660278663777,0.841778714553616,0.706663738920378
"scDonor_Tg4","Tg","48h","Tg_48h","VCT_fusing",256,0.116034310859201,0.263213120866567,-0.31759737197401,3.16619359218748,0.413161233707797,1.30189766979133,0.802020704436083
"scDonor_Tg4","Tg","48h","Tg_48h","VCT_p",37,0.0921612351730063,0.252032196723126,-0.453124564798505,2.27088338861594,0.505107850641818,0.504327116414461,0.470108360037725
"scDonor_Tg4","Tg","48h","Tg_48h","iEVT",65,0.106128892703698,0.158588944788163,0.314975169814096,3.85513656139374,0.621105597684017,1.55690030361104,0.741621488193562
"scDonor_Tg4","UI","24h","UI_24h","EVT_1",10,0.070118959248066,0.211622876524925,-0.370994230061909,2.49372997283936,1.6552037358284,-0.806974629524361,0.707352379815919
"scDonor_Tg4","UI","24h","UI_24h","EVT_2",66,0.0553698502104692,0.193124770937544,-0.374877604481324,3.19316987919085,0.668843336177595,0.99325809895654,0.775325513408556
"scDonor_Tg4","UI","24h","UI_24h","Endo_f",601,0.15843454040525,0.237069725459705,0.240016630227572,2.88213911955051,0.320356767382876,1.20585656288765,0.834843948961636
"scDonor_Tg4","UI","24h","UI_24h","F",1000,0.142313845140239,0.20440229370296,0.321535110591415,1.80161998158693,0.166431942045689,0.584255677747358,0.746950467413025
"scDonor_Tg4","UI","24h","UI_24h","F_p",58,0.155778072902869,0.230743469400653,0.259946953596568,1.69936684647511,0.211103636386066,0.449182312420653,0.70455921927623
"scDonor_Tg4","UI","24h","UI_24h","F_sm",4,0.0242158124844233,0.294718942046165,-1.3521484311659,1.09144756197929,0.501525141298771,-0.385831178631641,0.657234620302916
"scDonor_Tg4","UI","24h","UI_24h","HBC",1727,0.157211435165294,0.332832033776036,-0.430588357505005,0.30350459332092,0.0606196439535409,-0.416080096252475,0.790383308607583
"scDonor_Tg4","UI","24h","UI_24h","HBC_p",5,0.108317250013351,0.383265753984451,-1.21335941295791,0.406789970397949,0,-0.259695994239869,0.755484563963754
"scDonor_Tg4","UI","24h","UI_24h","PAMM1",130,0.154863194204294,0.285733068356147,-0.127026910134864,0.275072614390116,0.0656813669663209,-0.444165066376901,0.952609555161261
"scDonor_Tg4","UI","24h","UI_24h","PV",425,0.0823777946187001,0.209867716550827,-0.249756416537163,3.03629554159501,0.382823577277801,1.24240107628397,0.657406148968124
"scDonor_Tg4","UI","24h","UI_24h","VCT",131,0.0930014928902378,0.262748101558394,-0.519466167361182,2.31964551629001,0.509082634940402,0.53620392474381,0.4756514905437
"scDonor_Tg4","UI","24h","UI_24h","VCT_CCC",34,0.0700653540883578,0.220407324854065,-0.431988351315958,2.52158477551797,0.569227329948369,0.611987460334152,0.641035963225515
"scDonor_Tg4","UI","24h","UI_24h","VCT_fusing",229,0.134104218794876,0.281303969572205,-0.281341684565211,2.28967909397777,0.972054528780119,-0.0824508476853199,0.720270036670355
"scDonor_Tg4","UI","24h","UI_24h","VCT_p",45,0.1310028647659,0.225162637531757,0.0778081023506207,2.10722966127925,0.545510380135642,0.328167785953851,0.548085310830483
"scDonor_Tg4","UI","24h","UI_24h","iEVT",66,0.112525980580937,0.183217856468576,0.202260776761935,3.24790531216246,1.20492440868508,0.344758193072562,0.735276548328983
"scDonor_Tg4","UI","48h","UI_48h","EVT_1",2,0.0441921278834343,0.30728140771389,-1.26083354891177,3.0019154548645,1.45760011672974,-0.167095299358338,0.839101465685027
"scDonor_Tg4","UI","48h","UI_48h","EVT_2",102,0.0675427145233341,0.187056152814744,-0.224689434860751,3.14770712922601,0.909859874523154,0.648540208511215,0.770269728466576
"scDonor_Tg4","UI","48h","UI_48h","Endo_f",583,0.154796544260097,0.230834877291634,0.250578210690981,3.05057512323402,0.321823399533129,1.3317514323203,0.824367151128051
"scDonor_Tg4","UI","48h","UI_48h","F",938,0.14984737410506,0.195843603571595,0.447571354694198,1.86531626561811,0.137809027407342,0.669420768161232,0.694605000721058
"scDonor_Tg4","UI","48h","UI_48h","F_p",22,0.180635417952682,0.19627553048459,0.718716665715334,1.90338292988864,0.142763219773769,0.691922886952119,0.586101716892286
"scDonor_Tg4","UI","48h","UI_48h","HBC",1158,0.158285860388304,0.313441232639479,-0.287437268829203,0.24849477335682,0.0283487801004156,-0.416274959183879,0.768527797557728
"scDonor_Tg4","UI","48h","UI_48h","HBC_p",7,0.17985940972964,0.314230953369822,-0.100797947209581,0,0,-0.568304046458217,0.546719864162864
"scDonor_Tg4","UI","48h","UI_48h","PAMM1",45,0.151100038157569,0.311406092378828,-0.337395868141334,0.495192996660868,0.0271324548456404,-0.227553657077639,0.891506407705564
"scDonor_Tg4","UI","48h","UI_48h","PV",622,0.0608674019639004,0.191698576926802,-0.316105055749174,2.90359752709076,0.335190767619962,1.20304201887749,0.617473647020651
"scDonor_Tg4","UI","48h","UI_48h","VCT",285,0.0825958060198709,0.260231177843454,-0.594773734764919,2.86892231493665,0.562169731238432,0.884576677854538,0.548880336881804
"scDonor_Tg4","UI","48h","UI_48h","VCT_CCC",75,0.0834455839792887,0.277788354833921,-0.708160708416779,3.03362340589364,0.507895783185959,1.07938537990398,0.693770388024194
"scDonor_Tg4","UI","48h","UI_48h","VCT_fusing",358,0.123264513590704,0.265862062040654,-0.271472160799385,3.02241511563849,0.522464289012568,1.05213023425214,0.806260283481915
"scDonor_Tg4","UI","48h","UI_48h","VCT_p",19,0.110646113687963,0.293806982118832,-0.576334946486235,1.8117887377739,0.474774130080876,0.195083012309377,0.433344098382202
"scDonor_Tg4","UI","48h","UI_48h","iEVT",65,0.107280540695557,0.15548937352804,0.346582073746801,4.03615972995758,0.43088431427112,1.93907820486174,0.738598950714855
